country,date,Onset
Austria,2020-02-15,5.621968962172648
Austria,2020-02-16,6.259456838021339
Austria,2020-02-17,7.192531522793405
Austria,2020-02-18,8.328806983511154
Austria,2020-02-19,10.227934044616877
Austria,2020-02-20,11.687681862269642
Austria,2020-02-21,13.417070805043647
Austria,2020-02-22,16.500969932104756
Austria,2020-02-23,20.1578564500485
Austria,2020-02-24,24.334141610087293
Austria,2020-02-25,28.902521823472355
Austria,2020-02-26,34.92580019398642
Austria,2020-02-27,43.314500484966054
Austria,2020-02-28,52.91852570320077
Austria,2020-02-29,63.14476236663433
Austria,2020-03-01,76.4607177497575
Austria,2020-03-02,91.3094083414161
Austria,2020-03-03,111.19398642095054
Austria,2020-03-04,131.2335111542192
Austria,2020-03-05,154.65688651794375
Austria,2020-03-06,180.79558680892336
Austria,2020-03-07,211.131425800194
Austria,2020-03-08,243.13845780795344
Austria,2020-03-09,277.5800193986421
Austria,2020-03-10,315.020611057226
Austria,2020-03-11,354.0984481086324
Austria,2020-03-12,390.15106692531526
Austria,2020-03-13,425.23205625606204
Austria,2020-03-14,462.344083414161
Austria,2020-03-15,500.70829291949565
Austria,2020-03-16,526.0055771096023
Austria,2020-03-17,547.1619786614938
Austria,2020-03-18,564.3615421920465
Austria,2020-03-19,572.9687196896218
Austria,2020-03-20,568.0133365664403
Austria,2020-03-21,560.7679437439378
Austria,2020-03-22,552.4847235693502
Austria,2020-03-23,529.6651309408342
Austria,2020-03-24,495.3232298739088
Austria,2020-03-25,462.2596993210475
Austria,2020-03-26,434.6442774005819
Austria,2020-03-27,403.17580019398633
Austria,2020-03-28,373.0996605237633
Austria,2020-03-29,347.83802133850634
Austria,2020-03-30,323.5143064985451
Austria,2020-03-31,296.10548011639185
Austria,2020-04-01,271.35087293889427
Austria,2020-04-02,249.44398642095052
Austria,2020-04-03,230.77303588748788
Austria,2020-04-04,212.60499515033948
Austria,2020-04-05,199.86808923375366
Austria,2020-04-06,188.389185257032
Austria,2020-04-07,169.62172647914645
Austria,2020-04-08,149.97017458777884
Austria,2020-04-09,132.85548011639185
Austria,2020-04-10,117.42846750727449
Austria,2020-04-11,101.88482056256062
Austria,2020-04-12,91.38288069835112
Austria,2020-04-13,85.631425800194
Austria,2020-04-14,79.69277400581959
Austria,2020-04-15,72.91003879728419
Austria,2020-04-16,67.79170708050437
Austria,2020-04-17,64.39476236663434
Austria,2020-04-18,60.38433559650825
Austria,2020-04-19,58.45950533462658
Austria,2020-04-20,57.27085354025218
Austria,2020-04-21,54.581959262851605
Austria,2020-04-22,52.521096023278375
Austria,2020-04-23,48.40591658583899
Austria,2020-04-24,43.79704170708051
Austria,2020-04-25,39.243210475266736
Austria,2020-04-26,35.035645004849655
Austria,2020-04-27,29.943986420950534
Austria,2020-04-28,24.76891367604268
Austria,2020-04-29,20.200048496605238
Austria,2020-04-30,15.234723569350145
Austria,2020-05-01,9.71168768186227
Austria,2020-05-02,5.543889427740058
Austria,2020-05-03,3.197866149369544
Austria,2020-05-04,1.2621241513094084
Austria,2020-05-05,0.1571290009699321
Italy,2020-02-15,154.25
Italy,2020-02-16,188.67337536372452
Italy,2020-02-17,226.31086323957322
Italy,2020-02-18,272.241028128031
Italy,2020-02-19,321.92046556741025
Italy,2020-02-20,379.61323957322986
Italy,2020-02-21,449.337536372454
Italy,2020-02-22,529.1241513094084
Italy,2020-02-23,612.1440349175557
Italy,2020-02-24,721.7041707080505
Italy,2020-02-25,837.3283220174587
Italy,2020-02-26,973.8923375363725
Italy,2020-02-27,1112.150581959263
Italy,2020-02-28,1271.4752667313287
Italy,2020-02-29,1460.2097478176527
Italy,2020-03-01,1646.5560135790495
Italy,2020-03-02,1853.2393307468476
Italy,2020-03-03,2093.572259941804
Italy,2020-03-04,2348.265518913676
Italy,2020-03-05,2601.717992240543
Italy,2020-03-06,2853.719932104753
Italy,2020-03-07,3134.1614936954415
Italy,2020-03-08,3401.762851600388
Italy,2020-03-09,3668.916100872939
Italy,2020-03-10,3948.6345780795345
Italy,2020-03-11,4225.340688651795
Italy,2020-03-12,4481.97769156159
Italy,2020-03-13,4675.235935984481
Italy,2020-03-14,4854.218962172648
Italy,2020-03-15,4994.467022308439
Italy,2020-03-16,5138.169738118331
Italy,2020-03-17,5226.836081474297
Italy,2020-03-18,5278.9030067895255
Italy,2020-03-19,5277.759456838021
Italy,2020-03-20,5216.273035887488
Italy,2020-03-21,5097.182104752667
Italy,2020-03-22,4966.289039767216
Italy,2020-03-23,4875.851115421921
Italy,2020-03-24,4809.905189136761
Italy,2020-03-25,4697.890640155189
Italy,2020-03-26,4571.302618816683
Italy,2020-03-27,4424.129243452959
Italy,2020-03-28,4281.8484481086325
Italy,2020-03-29,4137.0766246362755
Italy,2020-03-30,4039.378031037827
Italy,2020-03-31,3999.2017458777887
Italy,2020-04-01,3932.1641610087295
Italy,2020-04-02,3841.3295344325898
Italy,2020-04-03,3748.925315227934
Italy,2020-04-04,3657.9519883608145
Italy,2020-04-05,3554.703685741998
Italy,2020-04-06,3474.9364694471387
Italy,2020-04-07,3427.696896217265
Italy,2020-04-08,3380.6176042677016
Italy,2020-04-09,3287.4114936954415
Italy,2020-04-10,3178.144277400582
Italy,2020-04-11,3051.2987390882636
Italy,2020-04-12,2930.832444228904
Italy,2020-04-13,2827.555771096023
Italy,2020-04-14,2765.399127061106
Italy,2020-04-15,2680.3683317167797
Italy,2020-04-16,2587.1408826382153
Italy,2020-04-17,2462.60814742968
Italy,2020-04-18,2331.2563045586808
Italy,2020-04-19,2186.9852085354023
Italy,2020-04-20,2078.6091173617847
Italy,2020-04-21,1961.2102327837051
Italy,2020-04-22,1825.806498545102
Italy,2020-04-23,1655.9422890397673
Italy,2020-04-24,1504.6413676042678
Italy,2020-04-25,1332.7354510184286
Italy,2020-04-26,1171.9464112512123
Italy,2020-04-27,1006.7747332686712
Italy,2020-04-28,856.1292434529582
Italy,2020-04-29,698.7112027158098
Italy,2020-04-30,542.4435014548981
Italy,2020-05-01,388.6799224054316
Italy,2020-05-02,257.9983026188167
Italy,2020-05-03,141.17240543161978
Italy,2020-05-04,60.31425800193986
Italy,2020-05-05,7.993937924345296
Belgium,2020-02-15,5.400581959262851
Belgium,2020-02-16,6.419980601357905
Belgium,2020-02-17,8.458535402521823
Belgium,2020-02-18,10.122453928225024
Belgium,2020-02-19,11.989088263821532
Belgium,2020-02-20,14.111542192046556
Belgium,2020-02-21,16.547041707080503
Belgium,2020-02-22,19.870271580989332
Belgium,2020-02-23,23.629000969932104
Belgium,2020-02-24,28.819835111542197
Belgium,2020-02-25,34.90640155189137
Belgium,2020-02-26,43.013579049466536
Belgium,2020-02-27,49.364694471387004
Belgium,2020-02-28,57.78055286129971
Belgium,2020-02-29,68.63894277400581
Belgium,2020-03-01,81.5494665373424
Belgium,2020-03-02,97.6988360814743
Belgium,2020-03-03,113.99151309408342
Belgium,2020-03-04,133.55237633365664
Belgium,2020-03-05,156.92919495635306
Belgium,2020-03-06,180.29946653734237
Belgium,2020-03-07,206.78831231813774
Belgium,2020-03-08,240.20538312318138
Belgium,2020-03-09,276.28540252182347
Belgium,2020-03-10,321.6088748787585
Belgium,2020-03-11,365.1074199806014
Belgium,2020-03-12,414.23739088263824
Belgium,2020-03-13,466.4915130940834
Belgium,2020-03-14,521.1685257032008
Belgium,2020-03-15,575.4401066925315
Belgium,2020-03-16,639.65203685742
Belgium,2020-03-17,709.5676527643064
Belgium,2020-03-18,783.9403491755577
Belgium,2020-03-19,847.9839961202715
Belgium,2020-03-20,907.1180892337537
Belgium,2020-03-21,968.5955383123182
Belgium,2020-03-22,1027.3491755577109
Belgium,2020-03-23,1076.051406401552
Belgium,2020-03-24,1141.8705140640157
Belgium,2020-03-25,1190.016731328807
Belgium,2020-03-26,1224.233268671193
Belgium,2020-03-27,1242.7485451018429
Belgium,2020-03-28,1255.403249272551
Belgium,2020-03-29,1269.675072744908
Belgium,2020-03-30,1286.6661008729388
Belgium,2020-03-31,1302.6556741028128
Belgium,2020-04-01,1315.4396217264791
Belgium,2020-04-02,1309.3833656644033
Belgium,2020-04-03,1294.2063530552862
Belgium,2020-04-04,1268.5303103782735
Belgium,2020-04-05,1237.3256547041706
Belgium,2020-04-06,1210.2948593598448
Belgium,2020-04-07,1198.19592628516
Belgium,2020-04-08,1176.3600872938894
Belgium,2020-04-09,1138.1704655674102
Belgium,2020-04-10,1092.6054801163918
Belgium,2020-04-11,1053.2689136760428
Belgium,2020-04-12,1014.3171677982542
Belgium,2020-04-13,976.8089233753637
Belgium,2020-04-14,955.7987390882638
Belgium,2020-04-15,942.2466052376335
Belgium,2020-04-16,897.6217264791464
Belgium,2020-04-17,848.9679922405433
Belgium,2020-04-18,791.1319107662464
Belgium,2020-04-19,734.9105237633365
Belgium,2020-04-20,677.8983996120271
Belgium,2020-04-21,624.0594083414161
Belgium,2020-04-22,569.4585354025218
Belgium,2020-04-23,514.0834141610087
Belgium,2020-04-24,458.344083414161
Belgium,2020-04-25,397.27982541222116
Belgium,2020-04-26,336.20223084384094
Belgium,2020-04-27,279.7388457807954
Belgium,2020-04-28,234.1268186226964
Belgium,2020-04-29,189.17967992240543
Belgium,2020-04-30,147.75048496605237
Belgium,2020-05-01,105.93622696411252
Belgium,2020-05-02,71.36420950533463
Belgium,2020-05-03,40.32735208535402
Belgium,2020-05-04,17.690591658583898
Belgium,2020-05-05,2.363482056256062
Latvia,2020-02-15,0.15737148399612028
Latvia,2020-02-16,0.19932104752667315
Latvia,2020-02-17,0.21823472356935014
Latvia,2020-02-18,0.290737148399612
Latvia,2020-02-19,0.3258971871968962
Latvia,2020-02-20,0.3857904946653734
Latvia,2020-02-21,0.4047041707080504
Latvia,2020-02-22,0.5298254122211445
Latvia,2020-02-23,0.6901066925315228
Latvia,2020-02-24,0.8074684772065955
Latvia,2020-02-25,1.0390397672162948
Latvia,2020-02-26,1.1646459747817652
Latvia,2020-02-27,1.5123666343355966
Latvia,2020-02-28,1.8074684772065956
Latvia,2020-02-29,2.1799224054316197
Latvia,2020-03-01,2.6920465567410283
Latvia,2020-03-02,3.1680407371483996
Latvia,2020-03-03,3.849903006789525
Latvia,2020-03-04,4.522065955383123
Latvia,2020-03-05,5.255092143549952
Latvia,2020-03-06,6.105965082444229
Latvia,2020-03-07,7.098205625606207
Latvia,2020-03-08,8.161008729388943
Latvia,2020-03-09,9.316440349175558
Latvia,2020-03-10,10.509941804073716
Latvia,2020-03-11,11.845053346265761
Latvia,2020-03-12,13.302376333656643
Latvia,2020-03-13,14.588506304558681
Latvia,2020-03-14,15.668283220174587
Latvia,2020-03-15,17.23957322987391
Latvia,2020-03-16,18.537584869059167
Latvia,2020-03-17,19.47696411251212
Latvia,2020-03-18,20.598448108632397
Latvia,2020-03-19,21.250242483026188
Latvia,2020-03-20,21.779825412221143
Latvia,2020-03-21,21.629243452958292
Latvia,2020-03-22,21.766973811833168
Latvia,2020-03-23,22.40349175557711
Latvia,2020-03-24,22.35063045586809
Latvia,2020-03-25,21.98302618816683
Latvia,2020-03-26,21.237390882638216
Latvia,2020-03-27,21.000969932104752
Latvia,2020-03-28,19.89524733268671
Latvia,2020-03-29,18.840688651794377
Latvia,2020-03-30,18.607662463627545
Latvia,2020-03-31,18.455868089233753
Latvia,2020-04-01,17.629728419010668
Latvia,2020-04-02,15.825897187196896
Latvia,2020-04-03,15.266003879728418
Latvia,2020-04-04,14.319350145489816
Latvia,2020-04-05,13.303103782735207
Latvia,2020-04-06,12.78831231813773
Latvia,2020-04-07,12.523035887487875
Latvia,2020-04-08,12.246605237633364
Latvia,2020-04-09,11.335111542192045
Latvia,2020-04-10,10.876576139670222
Latvia,2020-04-11,10.45392822502425
Latvia,2020-04-12,10.082444228903976
Latvia,2020-04-13,9.858389912706112
Latvia,2020-04-14,10.356692531522793
Latvia,2020-04-15,10.834384093113481
Latvia,2020-04-16,10.80286129970902
Latvia,2020-04-17,10.988845780795344
Latvia,2020-04-18,10.970174587778857
Latvia,2020-04-19,10.702473326867118
Latvia,2020-04-20,10.374636275460716
Latvia,2020-04-21,10.067652764306498
Latvia,2020-04-22,9.487875848690592
Latvia,2020-04-23,8.914888457807955
Latvia,2020-04-24,8.139185257032008
Latvia,2020-04-25,7.561590688651795
Latvia,2020-04-26,6.7626091173617855
Latvia,2020-04-27,5.916343355965083
Latvia,2020-04-28,5.031522793404461
Latvia,2020-04-29,4.13094083414161
Latvia,2020-04-30,3.2565470417070803
Latvia,2020-05-01,2.3947623666343354
Latvia,2020-05-02,1.7693986420950534
Latvia,2020-05-03,1.3232298739088264
Latvia,2020-05-04,0.7655189136760427
Latvia,2020-05-05,0.11129970902036858
Bulgaria,2020-02-15,0.16998060135790496
Bulgaria,2020-02-16,0.21944713870029098
Bulgaria,2020-02-17,0.28249272550921434
Bulgaria,2020-02-18,0.3210475266731329
Bulgaria,2020-02-19,0.40761396702230845
Bulgaria,2020-02-20,0.44277400581959264
Bulgaria,2020-02-21,0.5312803103782735
Bulgaria,2020-02-22,0.7068380213385064
Bulgaria,2020-02-23,0.8142580019398642
Bulgaria,2020-02-24,1.0557710960232782
Bulgaria,2020-02-25,1.327109602327837
Bulgaria,2020-02-26,1.5642580019398642
Bulgaria,2020-02-27,1.9907856450048496
Bulgaria,2020-02-28,2.382395732298739
Bulgaria,2020-02-29,2.971387002909796
Bulgaria,2020-03-01,3.6229388942774006
Bulgaria,2020-03-02,4.381183317167798
Bulgaria,2020-03-03,5.283220174587779
Bulgaria,2020-03-04,6.439621726479146
Bulgaria,2020-03-05,7.368331716779826
Bulgaria,2020-03-06,8.462415130940835
Bulgaria,2020-03-07,9.749757516973812
Bulgaria,2020-03-08,11.098933074684771
Bulgaria,2020-03-09,12.315470417070806
Bulgaria,2020-03-10,13.494422890397672
Bulgaria,2020-03-11,14.783947623666343
Bulgaria,2020-03-12,16.108147429679924
Bulgaria,2020-03-13,16.86105722599418
Bulgaria,2020-03-14,17.943743937924346
Bulgaria,2020-03-15,19.147429679922404
Bulgaria,2020-03-16,20.23229873908826
Bulgaria,2020-03-17,21.32322987390883
Bulgaria,2020-03-18,22.307953443258974
Bulgaria,2020-03-19,23.322017458777886
Bulgaria,2020-03-20,24.09772065955383
Bulgaria,2020-03-21,24.35596508244423
Bulgaria,2020-03-22,24.756789524733264
Bulgaria,2020-03-23,25.402764306498547
Bulgaria,2020-03-24,25.734966052376333
Bulgaria,2020-03-25,25.704898157129
Bulgaria,2020-03-26,26.09505334626576
Bulgaria,2020-03-27,26.02546071774976
Bulgaria,2020-03-28,25.746120271580992
Bulgaria,2020-03-29,25.755092143549952
Bulgaria,2020-03-30,25.8503879728419
Bulgaria,2020-03-31,26.042919495635303
Bulgaria,2020-04-01,25.881425800193988
Bulgaria,2020-04-02,25.66028128031038
Bulgaria,2020-04-03,25.814742967992238
Bulgaria,2020-04-04,26.128031037827352
Bulgaria,2020-04-05,27.095538312318137
Bulgaria,2020-04-06,27.970174587778857
Bulgaria,2020-04-07,29.46799224054316
Bulgaria,2020-04-08,30.69204655674103
Bulgaria,2020-04-09,32.8503879728419
Bulgaria,2020-04-10,34.6474296799224
Bulgaria,2020-04-11,37.16052376333656
Bulgaria,2020-04-12,39.41610087293889
Bulgaria,2020-04-13,41.8484481086324
Bulgaria,2020-04-14,44.1988360814743
Bulgaria,2020-04-15,45.93089233753638
Bulgaria,2020-04-16,46.66513094083414
Bulgaria,2020-04-17,47.14961202715809
Bulgaria,2020-04-18,47.24442289039767
Bulgaria,2020-04-19,47.263579049466536
Bulgaria,2020-04-20,46.21556741028128
Bulgaria,2020-04-21,44.47356935014549
Bulgaria,2020-04-22,42.234723569350145
Bulgaria,2020-04-23,38.934772065955386
Bulgaria,2020-04-24,34.38579049466537
Bulgaria,2020-04-25,30.562318137730358
Bulgaria,2020-04-26,26.716294859359845
Bulgaria,2020-04-27,21.96047526673133
Bulgaria,2020-04-28,17.332686711930165
Bulgaria,2020-04-29,13.512366634335596
Bulgaria,2020-04-30,9.921193016488845
Bulgaria,2020-05-01,6.350872938894277
Bulgaria,2020-05-02,4.246847720659554
Bulgaria,2020-05-03,3.0082444228903977
Bulgaria,2020-05-04,1.5834141610087293
Bulgaria,2020-05-05,0.22259941804073716
Lithuania,2020-02-15,0.19180407371483996
Lithuania,2020-02-16,0.21459747817652763
Lithuania,2020-02-17,0.24175557710960233
Lithuania,2020-02-18,0.31280310378273524
Lithuania,2020-02-19,0.3212900096993211
Lithuania,2020-02-20,0.35572259941804074
Lithuania,2020-02-21,0.3976721629485936
Lithuania,2020-02-22,0.43671193016488846
Lithuania,2020-02-23,0.5402521823472357
Lithuania,2020-02-24,0.6559165858389913
Lithuania,2020-02-25,0.787827352085354
Lithuania,2020-02-26,0.9762366634335596
Lithuania,2020-02-27,1.2002909796314256
Lithuania,2020-02-28,1.4141610087293888
Lithuania,2020-02-29,1.7390882638215324
Lithuania,2020-03-01,2.1634335596508247
Lithuania,2020-03-02,2.704655674102813
Lithuania,2020-03-03,3.4338021338506306
Lithuania,2020-03-04,4.22356935014549
Lithuania,2020-03-05,5.257516973811834
Lithuania,2020-03-06,6.376818622696412
Lithuania,2020-03-07,7.75
Lithuania,2020-03-08,9.397187196896219
Lithuania,2020-03-09,11.408098933074683
Lithuania,2020-03-10,13.47866149369544
Lithuania,2020-03-11,16.02885548011639
Lithuania,2020-03-12,18.472599418040737
Lithuania,2020-03-13,21.576139670223085
Lithuania,2020-03-14,24.28855480116392
Lithuania,2020-03-15,27.2233268671193
Lithuania,2020-03-16,29.868574199806012
Lithuania,2020-03-17,32.85499515033948
Lithuania,2020-03-18,35.256304558680895
Lithuania,2020-03-19,37.74660523763336
Lithuania,2020-03-20,39.34408341416101
Lithuania,2020-03-21,40.78709990300679
Lithuania,2020-03-22,41.7213870029098
Lithuania,2020-03-23,42.666828322017466
Lithuania,2020-03-24,43.113967022308444
Lithuania,2020-03-25,43.98787584869059
Lithuania,2020-03-26,44.04582929194956
Lithuania,2020-03-27,43.704413191076625
Lithuania,2020-03-28,42.84772065955383
Lithuania,2020-03-29,42.06328806983511
Lithuania,2020-03-30,40.665615906886515
Lithuania,2020-03-31,39.392822502424835
Lithuania,2020-04-01,38.149127061105716
Lithuania,2020-04-02,36.32104752667313
Lithuania,2020-04-03,34.46944713870029
Lithuania,2020-04-04,32.5041222114452
Lithuania,2020-04-05,31.671920465567414
Lithuania,2020-04-06,30.905916585838987
Lithuania,2020-04-07,30.644762366634332
Lithuania,2020-04-08,30.346023278370513
Lithuania,2020-04-09,30.12948593598448
Lithuania,2020-04-10,28.358874878758485
Lithuania,2020-04-11,27.170465567410282
Lithuania,2020-04-12,26.380213385063044
Lithuania,2020-04-13,26.50921435499515
Lithuania,2020-04-14,25.875363724539284
Lithuania,2020-04-15,25.302618816682834
Lithuania,2020-04-16,23.057953443258974
Lithuania,2020-04-17,19.742967992240544
Lithuania,2020-04-18,15.966294859359843
Lithuania,2020-04-19,13.912463627546071
Lithuania,2020-04-20,12.615906886517944
Lithuania,2020-04-21,11.332686711930165
Lithuania,2020-04-22,10.193501454898158
Lithuania,2020-04-23,9.00800193986421
Lithuania,2020-04-24,8.13239573229874
Lithuania,2020-04-25,7.284190106692532
Lithuania,2020-04-26,6.385790494665374
Lithuania,2020-04-27,5.469204655674103
Lithuania,2020-04-28,4.505577109602328
Lithuania,2020-04-29,3.6547041707080505
Lithuania,2020-04-30,2.846993210475267
Lithuania,2020-05-01,1.9798739088263821
Lithuania,2020-05-02,1.2446653734238604
Lithuania,2020-05-03,0.7330261881668283
Lithuania,2020-05-04,0.40373423860329777
Lithuania,2020-05-05,0.05892337536372454
Croatia,2020-02-15,0.4721144519883609
Croatia,2020-02-16,0.5574684772065956
Croatia,2020-02-17,0.6687681862269641
Croatia,2020-02-18,0.7691561590688653
Croatia,2020-02-19,0.9034917555771096
Croatia,2020-02-20,1.0807468477206597
Croatia,2020-02-21,1.2318137730358876
Croatia,2020-02-22,1.4204655674102815
Croatia,2020-02-23,1.6690106692531523
Croatia,2020-02-24,1.8559650824442289
Croatia,2020-02-25,2.184287099903007
Croatia,2020-02-26,2.453200775945684
Croatia,2020-02-27,2.8855480116391856
Croatia,2020-02-28,3.471629485935985
Croatia,2020-02-29,4.0162463627546074
Croatia,2020-03-01,4.730358874878759
Croatia,2020-03-02,5.533462657613967
Croatia,2020-03-03,6.699321047526674
Croatia,2020-03-04,8.03709990300679
Croatia,2020-03-05,9.584869059165857
Croatia,2020-03-06,11.208535402521825
Croatia,2020-03-07,13.613239573229874
Croatia,2020-03-08,15.924587778855479
Croatia,2020-03-09,18.581716779825413
Croatia,2020-03-10,21.642095053346267
Croatia,2020-03-11,25.098690591658585
Croatia,2020-03-12,28.84747817652764
Croatia,2020-03-13,32.736663433559656
Croatia,2020-03-14,37.10645004849661
Croatia,2020-03-15,42.28855480116391
Croatia,2020-03-16,47.097478176527645
Croatia,2020-03-17,51.53855480116392
Croatia,2020-03-18,56.17361784675073
Croatia,2020-03-19,60.40931134820563
Croatia,2020-03-20,63.91561590688653
Croatia,2020-03-21,66.80698351115421
Croatia,2020-03-22,68.99587778855481
Croatia,2020-03-23,70.22405431619785
Croatia,2020-03-24,69.71071774975752
Croatia,2020-03-25,68.20465567410281
Croatia,2020-03-26,66.9260426770126
Croatia,2020-03-27,65.36954413191077
Croatia,2020-03-28,63.88554801163919
Croatia,2020-03-29,62.01260911736178
Croatia,2020-03-30,60.41294859359845
Croatia,2020-03-31,58.38845780795344
Croatia,2020-04-01,56.397672162948595
Croatia,2020-04-02,54.30892337536372
Croatia,2020-04-03,53.42119301648884
Croatia,2020-04-04,51.9425315227934
Croatia,2020-04-05,50.67701260911736
Croatia,2020-04-06,48.70465567410281
Croatia,2020-04-07,46.433802133850634
Croatia,2020-04-08,43.84650824442289
Croatia,2020-04-09,40.503637245392824
Croatia,2020-04-10,37.55164888457808
Croatia,2020-04-11,34.45126091173617
Croatia,2020-04-12,31.3954898157129
Croatia,2020-04-13,28.207807953443258
Croatia,2020-04-14,26.096023278370517
Croatia,2020-04-15,23.790252182347235
Croatia,2020-04-16,21.397672162948595
Croatia,2020-04-17,19.530310378273523
Croatia,2020-04-18,18.200048496605238
Croatia,2020-04-19,16.84238603297769
Croatia,2020-04-20,15.011154219204656
Croatia,2020-04-21,13.598448108632397
Croatia,2020-04-22,11.843355965082445
Croatia,2020-04-23,9.446168768186226
Croatia,2020-04-24,7.650581959262851
Croatia,2020-04-25,6.344568380213385
Croatia,2020-04-26,5.510184287099903
Croatia,2020-04-27,4.62027158098933
Croatia,2020-04-28,3.802133850630456
Croatia,2020-04-29,3.128516003879729
Croatia,2020-04-30,2.206110572259942
Croatia,2020-05-01,1.525945683802134
Croatia,2020-05-02,0.9956353055286129
Croatia,2020-05-03,0.6437924345295829
Croatia,2020-05-04,0.2621241513094083
Croatia,2020-05-05,0.03273520853540252
Luxembourg,2020-02-15,1.0208535402521823
Luxembourg,2020-02-16,1.102812803103783
Luxembourg,2020-02-17,1.2320562560620758
Luxembourg,2020-02-18,1.2611542192046556
Luxembourg,2020-02-19,1.4323472356935016
Luxembourg,2020-02-20,1.5312803103782735
Luxembourg,2020-02-21,1.8324442289039768
Luxembourg,2020-02-22,2.0458292919495635
Luxembourg,2020-02-23,2.3511154219204657
Luxembourg,2020-02-24,3.2989815712900095
Luxembourg,2020-02-25,3.793161978661494
Luxembourg,2020-02-26,4.553831231813773
Luxembourg,2020-02-27,5.599418040737149
Luxembourg,2020-02-28,7.057710960232784
Luxembourg,2020-02-29,8.96823472356935
Luxembourg,2020-03-01,11.447623666343356
Luxembourg,2020-03-02,14.020853540252181
Luxembourg,2020-03-03,17.697138700290978
Luxembourg,2020-03-04,21.584141610087293
Luxembourg,2020-03-05,27.226721629485937
Luxembourg,2020-03-06,32.958292919495634
Luxembourg,2020-03-07,39.70538312318138
Luxembourg,2020-03-08,48.378031037827355
Luxembourg,2020-03-09,58.130213385063044
Luxembourg,2020-03-10,67.98229873908826
Luxembourg,2020-03-11,79.56037827352085
Luxembourg,2020-03-12,91.26479146459747
Luxembourg,2020-03-13,103.3671193016489
Luxembourg,2020-03-14,114.04873908826382
Luxembourg,2020-03-15,124.28346265761397
Luxembourg,2020-03-16,135.1990785645005
Luxembourg,2020-03-17,144.59311348205625
Luxembourg,2020-03-18,147.55407371483994
Luxembourg,2020-03-19,151.46411251212413
Luxembourg,2020-03-20,153.3385063045587
Luxembourg,2020-03-21,150.68380213385063
Luxembourg,2020-03-22,147.82492725509212
Luxembourg,2020-03-23,146.50800193986422
Luxembourg,2020-03-24,144.0494665373424
Luxembourg,2020-03-25,135.46435499515036
Luxembourg,2020-03-26,127.7354510184287
Luxembourg,2020-03-27,121.6576139670223
Luxembourg,2020-03-28,113.51964112512124
Luxembourg,2020-03-29,104.5492240543162
Luxembourg,2020-03-30,98.14039767216295
Luxembourg,2020-03-31,89.93355965082444
Luxembourg,2020-04-01,80.4670223084384
Luxembourg,2020-04-02,73.36784675072745
Luxembourg,2020-04-03,65.48666343355964
Luxembourg,2020-04-04,58.13457807953443
Luxembourg,2020-04-05,53.83389912706111
Luxembourg,2020-04-06,50.56231813773036
Luxembourg,2020-04-07,47.82977691561591
Luxembourg,2020-04-08,43.078564500484966
Luxembourg,2020-04-09,39.38991270611057
Luxembourg,2020-04-10,36.122938894277404
Luxembourg,2020-04-11,32.65276430649855
Luxembourg,2020-04-12,31.226721629485937
Luxembourg,2020-04-13,31.603297769156157
Luxembourg,2020-04-14,31.19301648884578
Luxembourg,2020-04-15,28.883123181377304
Luxembourg,2020-04-16,26.015518913676043
Luxembourg,2020-04-17,23.08317167798254
Luxembourg,2020-04-18,20.40252182347236
Luxembourg,2020-04-19,18.209262851600386
Luxembourg,2020-04-20,17.208292919495634
Luxembourg,2020-04-21,15.783705140640155
Luxembourg,2020-04-22,13.352570320077596
Luxembourg,2020-04-23,11.55164888457808
Luxembourg,2020-04-24,10.41658583899127
Luxembourg,2020-04-25,9.014064015518914
Luxembourg,2020-04-26,7.882638215324928
Luxembourg,2020-04-27,6.8622696411251205
Luxembourg,2020-04-28,5.742725509214355
Luxembourg,2020-04-29,4.768186226964112
Luxembourg,2020-04-30,3.6467022308438413
Luxembourg,2020-05-01,2.5545586808923373
Luxembourg,2020-05-02,1.5092143549951502
Luxembourg,2020-05-03,0.7997090203685743
Luxembourg,2020-05-04,0.2463627546071775
Luxembourg,2020-05-05,0.026188166828322017
Cyprus,2020-02-15,0.09117361784675071
Cyprus,2020-02-16,0.10645004849660525
Cyprus,2020-02-17,0.15179437439379245
Cyprus,2020-02-18,0.1915615906886518
Cyprus,2020-02-19,0.20708050436469447
Cyprus,2020-02-20,0.2611542192046557
Cyprus,2020-02-21,0.31037827352085356
Cyprus,2020-02-22,0.41343355965082446
Cyprus,2020-02-23,0.5213385063045587
Cyprus,2020-02-24,0.6309408341416102
Cyprus,2020-02-25,0.8149854510184287
Cyprus,2020-02-26,1.014306498545102
Cyprus,2020-02-27,1.2245392822502426
Cyprus,2020-02-28,1.5128516003879728
Cyprus,2020-02-29,1.7946168768186226
Cyprus,2020-03-01,2.2359359844810864
Cyprus,2020-03-02,2.7953443258971875
Cyprus,2020-03-03,3.236420950533463
Cyprus,2020-03-04,3.9844810863239575
Cyprus,2020-03-05,4.68792434529583
Cyprus,2020-03-06,5.526430649854511
Cyprus,2020-03-07,6.397187196896217
Cyprus,2020-03-08,7.265276430649855
Cyprus,2020-03-09,8.257032007759456
Cyprus,2020-03-10,9.125121241513092
Cyprus,2020-03-11,9.876576139670224
Cyprus,2020-03-12,10.657856450048499
Cyprus,2020-03-13,11.467507274490785
Cyprus,2020-03-14,12.062560620756546
Cyprus,2020-03-15,12.575169738118332
Cyprus,2020-03-16,13.3503879728419
Cyprus,2020-03-17,14.070805043646946
Cyprus,2020-03-18,14.941076624636276
Cyprus,2020-03-19,15.830019398642097
Cyprus,2020-03-20,17.202958292919497
Cyprus,2020-03-21,18.392337536372455
Cyprus,2020-03-22,19.63336566440349
Cyprus,2020-03-23,21.156886517943747
Cyprus,2020-03-24,22.71702230843841
Cyprus,2020-03-25,24.200533462657614
Cyprus,2020-03-26,25.545586808923375
Cyprus,2020-03-27,26.443986420950534
Cyprus,2020-03-28,27.035160038797287
Cyprus,2020-03-29,27.460960232783705
Cyprus,2020-03-30,27.98423860329777
Cyprus,2020-03-31,27.85717749757517
Cyprus,2020-04-01,27.05965082444229
Cyprus,2020-04-02,26.16658583899127
Cyprus,2020-04-03,24.877546071774976
Cyprus,2020-04-04,23.669253152279342
Cyprus,2020-04-05,22.748060135790496
Cyprus,2020-04-06,21.939621726479146
Cyprus,2020-04-07,20.90179437439379
Cyprus,2020-04-08,19.19180407371484
Cyprus,2020-04-09,17.396702230843843
Cyprus,2020-04-10,15.486905916585838
Cyprus,2020-04-11,13.706838021338505
Cyprus,2020-04-12,11.988603297769156
Cyprus,2020-04-13,10.713142580019401
Cyprus,2020-04-14,9.610572259941804
Cyprus,2020-04-15,8.241270611057226
Cyprus,2020-04-16,7.442046556741028
Cyprus,2020-04-17,6.703928225024248
Cyprus,2020-04-18,6.43380213385063
Cyprus,2020-04-19,5.686226964112512
Cyprus,2020-04-20,5.496362754607178
Cyprus,2020-04-21,5.429437439379244
Cyprus,2020-04-22,5.281037827352085
Cyprus,2020-04-23,5.060620756547042
Cyprus,2020-04-24,4.860814742967992
Cyprus,2020-04-25,4.526915615906887
Cyprus,2020-04-26,4.069835111542192
Cyprus,2020-04-27,3.562318137730359
Cyprus,2020-04-28,3.1074199806013576
Cyprus,2020-04-29,2.5788069835111544
Cyprus,2020-04-30,1.9762366634335597
Cyprus,2020-05-01,1.4451988360814743
Cyprus,2020-05-02,0.9408341416100874
Cyprus,2020-05-03,0.49684772065955385
Cyprus,2020-05-04,0.13627546071774976
Cyprus,2020-05-05,0.013094083414161009
Malta,2020-02-15,0.09165858389912707
Malta,2020-02-16,0.10790494665373423
Malta,2020-02-17,0.11372453928225024
Malta,2020-02-18,0.13263821532492726
Malta,2020-02-19,0.16270611057225992
Malta,2020-02-20,0.18695441319107664
Malta,2020-02-21,0.23933074684772065
Malta,2020-02-22,0.31498545101842873
Malta,2020-02-23,0.36784675072744905
Malta,2020-02-24,0.48084384093113486
Malta,2020-02-25,0.5831716779825412
Malta,2020-02-26,0.7512124151309408
Malta,2020-02-27,0.9308923375363726
Malta,2020-02-28,1.1445198836081474
Malta,2020-02-29,1.4488360814742969
Malta,2020-03-01,1.755819592628516
Malta,2020-03-02,2.127546071774976
Malta,2020-03-03,2.5111542192046556
Malta,2020-03-04,3.0155189136760425
Malta,2020-03-05,3.5218234723569353
Malta,2020-03-06,4.045344325897187
Malta,2020-03-07,4.662948593598448
Malta,2020-03-08,5.364694471387002
Malta,2020-03-09,5.9827837051406405
Malta,2020-03-10,6.491998060135791
Malta,2020-03-11,7.085111542192046
Malta,2020-03-12,7.692531522793405
Malta,2020-03-13,8.059165858389912
Malta,2020-03-14,8.509214354995152
Malta,2020-03-15,8.82395732298739
Malta,2020-03-16,9.053588748787584
Malta,2020-03-17,8.89670223084384
Malta,2020-03-18,8.722841901066925
Malta,2020-03-19,8.570562560620758
Malta,2020-03-20,8.38773035887488
Malta,2020-03-21,8.064258001939864
Malta,2020-03-22,7.903491755577109
Malta,2020-03-23,7.7686711930164885
Malta,2020-03-24,7.6382153249272555
Malta,2020-03-25,7.372211445198836
Malta,2020-03-26,7.554073714839962
Malta,2020-03-27,7.816682832201747
Malta,2020-03-28,7.967507274490785
Malta,2020-03-29,8.130213385063046
Malta,2020-03-30,8.411493695441319
Malta,2020-03-31,8.618574199806012
Malta,2020-04-01,8.555286129970902
Malta,2020-04-02,8.615664403491754
Malta,2020-04-03,8.538797284190107
Malta,2020-04-04,8.369786614936956
Malta,2020-04-05,8.196653734238604
Malta,2020-04-06,7.9561105722599414
Malta,2020-04-07,7.63360814742968
Malta,2020-04-08,7.221629485935984
Malta,2020-04-09,6.774248302618817
Malta,2020-04-10,6.053346265761396
Malta,2020-04-11,5.335111542192047
Malta,2020-04-12,4.884335596508244
Malta,2020-04-13,4.347720659553831
Malta,2020-04-14,3.8309893307468474
Malta,2020-04-15,3.2662463627546074
Malta,2020-04-16,2.7742483026188163
Malta,2020-04-17,2.1828322017458777
Malta,2020-04-18,1.7102327837051408
Malta,2020-04-19,1.5792919495635307
Malta,2020-04-20,1.5225509214354993
Malta,2020-04-21,1.4755092143549953
Malta,2020-04-22,1.4856935014548982
Malta,2020-04-23,1.5143064985451018
Malta,2020-04-24,1.5387972841901068
Malta,2020-04-25,1.655431619786615
Malta,2020-04-26,1.6040252182347237
Malta,2020-04-27,1.5213385063045586
Malta,2020-04-28,1.4321047526673134
Malta,2020-04-29,1.4359844810863238
Malta,2020-04-30,1.1852570320077593
Malta,2020-05-01,1.0099418040737147
Malta,2020-05-02,0.7997090203685742
Malta,2020-05-03,0.5926285160038797
Malta,2020-05-04,0.19131910766246363
Malta,2020-05-05,0.019641125121241512
Czechia,2020-02-15,1.5264306498545102
Czechia,2020-02-16,1.7715809893307468
Czechia,2020-02-17,2.0851115421920463
Czechia,2020-02-18,2.547769156159069
Czechia,2020-02-19,3.2580019398642097
Czechia,2020-02-20,3.605722599418041
Czechia,2020-02-21,4.39282250242483
Czechia,2020-02-22,5.409068865179437
Czechia,2020-02-23,6.540494665373424
Czechia,2020-02-24,8.371241513094084
Czechia,2020-02-25,9.741513094083414
Czechia,2020-02-26,11.519641125121241
Czechia,2020-02-27,14.120999030067896
Czechia,2020-02-28,17.04752667313288
Czechia,2020-02-29,20.102327837051405
Czechia,2020-03-01,24.45732298739088
Czechia,2020-03-02,29.103782735208533
Czechia,2020-03-03,35.08123181377304
Czechia,2020-03-04,40.097478176527645
Czechia,2020-03-05,46.85208535402522
Czechia,2020-03-06,55.251939864209504
Czechia,2020-03-07,63.20271580989331
Czechia,2020-03-08,72.37851600387972
Czechia,2020-03-09,82.71435499515034
Czechia,2020-03-10,93.28855480116393
Czechia,2020-03-11,104.19277400581959
Czechia,2020-03-12,114.89718719689623
Czechia,2020-03-13,125.62875848690592
Czechia,2020-03-14,137.98836081474298
Czechia,2020-03-15,149.26309408341416
Czechia,2020-03-16,160.52085354025218
Czechia,2020-03-17,174.7718234723569
Czechia,2020-03-18,185.84917555771096
Czechia,2020-03-19,196.0060620756547
Czechia,2020-03-20,208.09335596508242
Czechia,2020-03-21,216.87366634335598
Czechia,2020-03-22,226.02279340446168
Czechia,2020-03-23,236.40809893307465
Czechia,2020-03-24,245.05649854510185
Czechia,2020-03-25,245.99296799224052
Czechia,2020-03-26,246.96629485935983
Czechia,2020-03-27,245.80577109602325
Czechia,2020-03-28,241.766731328807
Czechia,2020-03-29,233.70538312318138
Czechia,2020-03-30,231.0780795344326
Czechia,2020-03-31,226.26988360814744
Czechia,2020-04-01,215.5838991270611
Czechia,2020-04-02,202.03806983511154
Czechia,2020-04-03,189.25145489815714
Czechia,2020-04-04,175.24903006789523
Czechia,2020-04-05,161.49224054316198
Czechia,2020-04-06,149.97138700290978
Czechia,2020-04-07,140.75266731328807
Czechia,2020-04-08,130.80989330746849
Czechia,2020-04-09,119.7786129970902
Czechia,2020-04-10,111.62778855480116
Czechia,2020-04-11,107.45756547041708
Czechia,2020-04-12,103.2007759456838
Czechia,2020-04-13,101.71144519883609
Czechia,2020-04-14,99.7519398642095
Czechia,2020-04-15,95.49345295829292
Czechia,2020-04-16,89.22356935014548
Czechia,2020-04-17,83.28225024248303
Czechia,2020-04-18,76.92919495635306
Czechia,2020-04-19,70.11445198836081
Czechia,2020-04-20,64.10184287099904
Czechia,2020-04-21,58.03685741998059
Czechia,2020-04-22,52.52691561590689
Czechia,2020-04-23,47.280067895247335
Czechia,2020-04-24,42.9917555771096
Czechia,2020-04-25,38.55164888457808
Czechia,2020-04-26,34.07904946653734
Czechia,2020-04-27,29.045101842871
Czechia,2020-04-28,24.526915615906887
Czechia,2020-04-29,19.83317167798254
Czechia,2020-04-30,14.364694471387002
Czechia,2020-05-01,8.55431619786615
Czechia,2020-05-02,5.269398642095053
Czechia,2020-05-03,3.401551891367604
Czechia,2020-05-04,1.7643064985451018
Czechia,2020-05-05,0.24878758486905916
Netherlands,2020-02-15,7.176527643064985
Netherlands,2020-02-16,8.485451018428709
Netherlands,2020-02-17,10.392095053346265
Netherlands,2020-02-18,12.780795344325897
Netherlands,2020-02-19,14.834384093113483
Netherlands,2020-02-20,18.050678952473326
Netherlands,2020-02-21,21.341901066925317
Netherlands,2020-02-22,25.305286129970902
Netherlands,2020-02-23,30.666585838991274
Netherlands,2020-02-24,37.09481086323957
Netherlands,2020-02-25,44.591658583899125
Netherlands,2020-02-26,53.90640155189136
Netherlands,2020-02-27,63.21653734238603
Netherlands,2020-02-28,75.22478176527643
Netherlands,2020-02-29,89.21871968962172
Netherlands,2020-03-01,105.04437439379242
Netherlands,2020-03-02,123.69980601357906
Netherlands,2020-03-03,145.09238603297769
Netherlands,2020-03-04,169.34578079534433
Netherlands,2020-03-05,195.6372453928225
Netherlands,2020-03-06,222.2250242483026
Netherlands,2020-03-07,254.0550436469447
Netherlands,2020-03-08,291.041222114452
Netherlands,2020-03-09,330.93428709990303
Netherlands,2020-03-10,374.30358874878755
Netherlands,2020-03-11,421.016731328807
Netherlands,2020-03-12,471.5053346265761
Netherlands,2020-03-13,522.5247332686712
Netherlands,2020-03-14,572.387972841901
Netherlands,2020-03-15,627.0855965082444
Netherlands,2020-03-16,687.0099418040737
Netherlands,2020-03-17,742.330019398642
Netherlands,2020-03-18,793.7194471387002
Netherlands,2020-03-19,841.7342386032977
Netherlands,2020-03-20,885.7917070805042
Netherlands,2020-03-21,918.9025218234724
Netherlands,2020-03-22,945.5758971871969
Netherlands,2020-03-23,973.6149369544132
Netherlands,2020-03-24,998.6605237633366
Netherlands,2020-03-25,1010.4510184287099
Netherlands,2020-03-26,1010.2604267701261
Netherlands,2020-03-27,1004.3365664403492
Netherlands,2020-03-28,998.7919495635307
Netherlands,2020-03-29,993.7378758486905
Netherlands,2020-03-30,991.7626091173618
Netherlands,2020-03-31,1002.7403006789525
Netherlands,2020-04-01,1016.1627061105722
Netherlands,2020-04-02,1019.7136275460717
Netherlands,2020-04-03,1017.1418525703201
Netherlands,2020-04-04,1016.3894277400582
Netherlands,2020-04-05,1016.4757516973812
Netherlands,2020-04-06,1011.5470417070806
Netherlands,2020-04-07,1006.2322987390883
Netherlands,2020-04-08,1000.7206595538312
Netherlands,2020-04-09,982.976721629486
Netherlands,2020-04-10,948.9772065955383
Netherlands,2020-04-11,906.4318622696411
Netherlands,2020-04-12,868.88676042677
Netherlands,2020-04-13,833.5295829291949
Netherlands,2020-04-14,807.0036372453928
Netherlands,2020-04-15,779.225509214355
Netherlands,2020-04-16,744.0642580019398
Netherlands,2020-04-17,695.2592143549952
Netherlands,2020-04-18,638.7844325897187
Netherlands,2020-04-19,585.2007759456837
Netherlands,2020-04-20,536.340203685742
Netherlands,2020-04-21,496.80625606207565
Netherlands,2020-04-22,458.3581474296799
Netherlands,2020-04-23,413.390397672163
Netherlands,2020-04-24,364.99127061105725
Netherlands,2020-04-25,315.5281280310378
Netherlands,2020-04-26,272.54607177497576
Netherlands,2020-04-27,228.89791464597477
Netherlands,2020-04-28,194.49563530552862
Netherlands,2020-04-29,158.552861299709
Netherlands,2020-04-30,123.62390882638216
Netherlands,2020-05-01,86.6023278370514
Netherlands,2020-05-02,55.00775945683802
Netherlands,2020-05-03,28.45101842870999
Netherlands,2020-05-04,10.541222114451987
Netherlands,2020-05-05,1.3028612997090203
Denmark,2020-02-15,2.4439864209505338
Denmark,2020-02-16,3.2286614936954408
Denmark,2020-02-17,3.91925315227934
Denmark,2020-02-18,4.680649854510184
Denmark,2020-02-19,5.661251212415131
Denmark,2020-02-20,7.4849660523763335
Denmark,2020-02-21,9.294374393792435
Denmark,2020-02-22,11.763821532492727
Denmark,2020-02-23,14.499757516973812
Denmark,2020-02-24,18.19738118331717
Denmark,2020-02-25,21.803588748787586
Denmark,2020-02-26,26.545829291949566
Denmark,2020-02-27,31.492240543161977
Denmark,2020-02-28,38.17483026188167
Denmark,2020-02-29,45.28709990300679
Denmark,2020-03-01,54.44083414161008
Denmark,2020-03-02,63.922162948593595
Denmark,2020-03-03,72.8503879728419
Denmark,2020-03-04,80.34384093113482
Denmark,2020-03-05,86.83244422890397
Denmark,2020-03-06,92.89694471387003
Denmark,2020-03-07,98.54849660523763
Denmark,2020-03-08,102.389185257032
Denmark,2020-03-09,105.20417070805044
Denmark,2020-03-10,103.56910766246364
Denmark,2020-03-11,99.99345295829292
Denmark,2020-03-12,96.0164888457808
Denmark,2020-03-13,96.78564500484967
Denmark,2020-03-14,100.62584869059165
Denmark,2020-03-15,109.9199806013579
Denmark,2020-03-16,120.00727449078565
Denmark,2020-03-17,129.48811833171678
Denmark,2020-03-18,139.30601357904948
Denmark,2020-03-19,150.7970417070805
Denmark,2020-03-20,164.21362754607176
Denmark,2020-03-21,176.43477206595537
Denmark,2020-03-22,190.3140155189137
Denmark,2020-03-23,205.24102812803102
Denmark,2020-03-24,217.70586808923375
Denmark,2020-03-25,228.3516003879728
Denmark,2020-03-26,237.80237633365664
Denmark,2020-03-27,246.85281280310377
Denmark,2020-03-28,252.09675072744906
Denmark,2020-03-29,257.3057710960233
Denmark,2020-03-30,258.7211445198836
Denmark,2020-03-31,258.1328806983511
Denmark,2020-04-01,251.3790009699321
Denmark,2020-04-02,244.3237148399612
Denmark,2020-04-03,235.60475266731328
Denmark,2020-04-04,225.8971871968962
Denmark,2020-04-05,214.61396702230843
Denmark,2020-04-06,204.57904946653736
Denmark,2020-04-07,193.84529582929196
Denmark,2020-04-08,184.25121241513094
Denmark,2020-04-09,176.07759456838022
Denmark,2020-04-10,171.15082444228904
Denmark,2020-04-11,167.7560620756547
Denmark,2020-04-12,165.69665373423862
Denmark,2020-04-13,163.5620756547042
Denmark,2020-04-14,160.99951503394763
Denmark,2020-04-15,156.35135790494667
Denmark,2020-04-16,151.57880698351116
Denmark,2020-04-17,147.70029097963143
Denmark,2020-04-18,142.99636275460716
Denmark,2020-04-19,137.63942774005818
Denmark,2020-04-20,134.13385063045587
Denmark,2020-04-21,129.20805043646945
Denmark,2020-04-22,121.9202230843841
Denmark,2020-04-23,112.83632395732299
Denmark,2020-04-24,104.62463627546072
Denmark,2020-04-25,97.09966052376333
Denmark,2020-04-26,88.29485935984482
Denmark,2020-04-27,77.35814742967992
Denmark,2020-04-28,66.22041707080504
Denmark,2020-04-29,55.445198836081474
Denmark,2020-04-30,43.77036857419981
Denmark,2020-05-01,31.55674102812803
Denmark,2020-05-02,21.989088263821532
Denmark,2020-05-03,13.978176527643065
Denmark,2020-05-04,6.926042677012609
Denmark,2020-05-05,0.9624151309408342
Poland,2020-02-15,0.9975751697381183
Poland,2020-02-16,1.1231813773035888
Poland,2020-02-17,1.4008244422890397
Poland,2020-02-18,1.6040252182347237
Poland,2020-02-19,2.0206110572259943
Poland,2020-02-20,2.380213385063046
Poland,2020-02-21,2.7104752667313288
Poland,2020-02-22,3.3661493695441322
Poland,2020-02-23,3.809165858389913
Poland,2020-02-24,4.94713870029098
Poland,2020-02-25,5.9815712900097
Poland,2020-02-26,6.999272550921436
Poland,2020-02-27,8.7909796314258
Poland,2020-02-28,10.180649854510184
Poland,2020-02-29,12.805771096023278
Poland,2020-03-01,15.303346265761396
Poland,2020-03-02,18.11639185257032
Poland,2020-03-03,21.905674102812803
Poland,2020-03-04,26.203685741998058
Poland,2020-03-05,31.300921435499518
Poland,2020-03-06,36.20320077594569
Poland,2020-03-07,42.6086323957323
Poland,2020-03-08,50.02327837051406
Poland,2020-03-09,58.62827352085354
Poland,2020-03-10,67.20320077594569
Poland,2020-03-11,76.27424830261882
Poland,2020-03-12,87.81910766246362
Poland,2020-03-13,98.79970902036857
Poland,2020-03-14,110.885305528613
Poland,2020-03-15,123.61226964112512
Poland,2020-03-16,137.2417555771096
Poland,2020-03-17,152.80552861299708
Poland,2020-03-18,166.54146459747818
Poland,2020-03-19,181.94616876818623
Poland,2020-03-20,199.4464112512124
Poland,2020-03-21,214.27352085354025
Poland,2020-03-22,231.76745877788554
Poland,2020-03-23,246.95829291949565
Poland,2020-03-24,265.16537342386033
Poland,2020-03-25,281.0875363724539
Poland,2020-03-26,297.0305528612997
Poland,2020-03-27,309.88263821532496
Poland,2020-03-28,323.0252182347235
Poland,2020-03-29,334.2875848690592
Poland,2020-03-30,344.14500484966055
Poland,2020-03-31,351.4675072744908
Poland,2020-04-01,359.19762366634336
Poland,2020-04-02,358.89791464597477
Poland,2020-04-03,358.5436469447139
Poland,2020-04-04,351.9105237633365
Poland,2020-04-05,351.4670223084384
Poland,2020-04-06,346.16076624636275
Poland,2020-04-07,345.2228419010669
Poland,2020-04-08,340.78443258971873
Poland,2020-04-09,339.22041707080507
Poland,2020-04-10,336.07638215324926
Poland,2020-04-11,331.75654704170705
Poland,2020-04-12,328.12924345295824
Poland,2020-04-13,329.29849660523763
Poland,2020-04-14,328.5732298739089
Poland,2020-04-15,328.06207565470413
Poland,2020-04-16,321.475509214355
Poland,2020-04-17,315.54122211445195
Poland,2020-04-18,305.5613482056256
Poland,2020-04-19,295.3690591658584
Poland,2020-04-20,289.17604267701256
Poland,2020-04-21,281.46193016488843
Poland,2020-04-22,270.1964112512124
Poland,2020-04-23,254.54849660523763
Poland,2020-04-24,238.110814742968
Poland,2020-04-25,218.74005819592628
Poland,2020-04-26,193.66416100872937
Poland,2020-04-27,167.9529582929195
Poland,2020-04-28,144.33292919495636
Poland,2020-04-29,120.87633365664404
Poland,2020-04-30,94.33341416100873
Poland,2020-05-01,71.29534432589719
Poland,2020-05-02,53.02958292919496
Poland,2020-05-03,33.17119301648884
Poland,2020-05-04,15.212172647914645
Poland,2020-05-05,2.049224054316198
Estonia,2020-02-15,0.2832201745877789
Estonia,2020-02-16,0.3251697381183317
Estonia,2020-02-17,0.4704170708050436
Estonia,2020-02-18,0.6719204655674103
Estonia,2020-02-19,0.8290494665373423
Estonia,2020-02-20,1.0615906886517945
Estonia,2020-02-21,1.226721629485936
Estonia,2020-02-22,1.5778370514064015
Estonia,2020-02-23,1.9747817652764308
Estonia,2020-02-24,2.440591658583899
Estonia,2020-02-25,3.158098933074685
Estonia,2020-02-26,3.984238603297769
Estonia,2020-02-27,4.804316197866149
Estonia,2020-02-28,5.980358874878759
Estonia,2020-02-29,7.1062075654704175
Estonia,2020-03-01,8.7868574199806
Estonia,2020-03-02,10.469447138700291
Estonia,2020-03-03,12.355965082444229
Estonia,2020-03-04,14.76188166828322
Estonia,2020-03-05,17.375121241513092
Estonia,2020-03-06,19.749515033947624
Estonia,2020-03-07,22.08050436469447
Estonia,2020-03-08,23.97381183317168
Estonia,2020-03-09,26.185499515033946
Estonia,2020-03-10,27.512124151309408
Estonia,2020-03-11,28.89912706110572
Estonia,2020-03-12,29.458292919495637
Estonia,2020-03-13,29.773520853540255
Estonia,2020-03-14,29.123666343355964
Estonia,2020-03-15,28.406644034917555
Estonia,2020-03-16,28.140640155189136
Estonia,2020-03-17,29.22381183317168
Estonia,2020-03-18,30.773278370514067
Estonia,2020-03-19,32.16028128031038
Estonia,2020-03-20,34.49030067895248
Estonia,2020-03-21,36.491270611057224
Estonia,2020-03-22,38.78879728419011
Estonia,2020-03-23,40.429679922405434
Estonia,2020-03-24,42.34553831231813
Estonia,2020-03-25,44.852327837051405
Estonia,2020-03-26,46.11154219204656
Estonia,2020-03-27,46.155674102812796
Estonia,2020-03-28,46.33874878758487
Estonia,2020-03-29,46.117846750727445
Estonia,2020-03-30,45.711687681862266
Estonia,2020-03-31,44.56086323957322
Estonia,2020-04-01,43.35111542192046
Estonia,2020-04-02,40.90688651794375
Estonia,2020-04-03,37.513336566440344
Estonia,2020-04-04,32.566197866149366
Estonia,2020-04-05,30.11663433559651
Estonia,2020-04-06,28.259699321047528
Estonia,2020-04-07,27.33317167798254
Estonia,2020-04-08,25.677012609117362
Estonia,2020-04-09,24.669010669253154
Estonia,2020-04-10,23.23957322987391
Estonia,2020-04-11,21.052861299709022
Estonia,2020-04-12,19.328322017458774
Estonia,2020-04-13,18.62827352085354
Estonia,2020-04-14,17.32807953443259
Estonia,2020-04-15,15.339476236663433
Estonia,2020-04-16,13.900339476236663
Estonia,2020-04-17,12.638215324927254
Estonia,2020-04-18,11.135063045586808
Estonia,2020-04-19,10.036614936954413
Estonia,2020-04-20,9.39694471387003
Estonia,2020-04-21,8.91003879728419
Estonia,2020-04-22,7.780552861299709
Estonia,2020-04-23,7.118816682832202
Estonia,2020-04-24,6.1728903976721625
Estonia,2020-04-25,4.956838021338506
Estonia,2020-04-26,3.6168768186226963
Estonia,2020-04-27,2.880455868089234
Estonia,2020-04-28,2.3588748787584866
Estonia,2020-04-29,1.6566440349175557
Estonia,2020-04-30,1.2158098933074684
Estonia,2020-05-01,0.815470417070805
Estonia,2020-05-02,0.5096993210475267
Estonia,2020-05-03,0.2478176527643065
Estonia,2020-05-04,0.1323957322987391
Estonia,2020-05-05,0.019641125121241512
Portugal,2020-02-15,2.5843840931134823
Portugal,2020-02-16,3.4539282250242485
Portugal,2020-02-17,3.7419980601357903
Portugal,2020-02-18,4.697623666343356
Portugal,2020-02-19,5.587536372453928
Portugal,2020-02-20,6.286372453928225
Portugal,2020-02-21,7.439379243452959
Portugal,2020-02-22,8.614209505334626
Portugal,2020-02-23,10.25
Portugal,2020-02-24,12.007516973811835
Portugal,2020-02-25,14.475266731328807
Portugal,2020-02-26,16.613239573229876
Portugal,2020-02-27,20.38651794374394
Portugal,2020-02-28,24.154946653734235
Portugal,2020-02-29,28.93016488845781
Portugal,2020-03-01,35.47429679922406
Portugal,2020-03-02,43.10620756547041
Portugal,2020-03-03,52.5552861299709
Portugal,2020-03-04,63.97502424830262
Portugal,2020-03-05,76.61348205625606
Portugal,2020-03-06,92.6372453928225
Portugal,2020-03-07,111.49078564500485
Portugal,2020-03-08,131.8770611057226
Portugal,2020-03-09,158.52934044616876
Portugal,2020-03-10,184.98448108632397
Portugal,2020-03-11,216.83244422890397
Portugal,2020-03-12,250.8663918525703
Portugal,2020-03-13,288.7645489815713
Portugal,2020-03-14,329.7124151309408
Portugal,2020-03-15,371.310620756547
Portugal,2020-03-16,415.2192046556741
Portugal,2020-03-17,461.84869059165857
Portugal,2020-03-18,507.9609602327837
Portugal,2020-03-19,551.6566440349176
Portugal,2020-03-20,596.5560135790495
Portugal,2020-03-21,637.0344325897187
Portugal,2020-03-22,669.9044616876819
Portugal,2020-03-23,700.6857419980602
Portugal,2020-03-24,723.2764306498545
Portugal,2020-03-25,739.2383608147429
Portugal,2020-03-26,745.856935014549
Portugal,2020-03-27,745.7710960232783
Portugal,2020-03-28,737.302861299709
Portugal,2020-03-29,724.5664403491755
Portugal,2020-03-30,709.8957322987392
Portugal,2020-03-31,696.645489815713
Portugal,2020-04-01,683.0286129970902
Portugal,2020-04-02,664.5788069835112
Portugal,2020-04-03,645.6547041707081
Portugal,2020-04-04,629.8193501454898
Portugal,2020-04-05,616.1035402521823
Portugal,2020-04-06,602.6782250242484
Portugal,2020-04-07,588.4939379243453
Portugal,2020-04-08,577.0727449078565
Portugal,2020-04-09,559.2890397672163
Portugal,2020-04-10,543.071047526673
Portugal,2020-04-11,529.9519883608148
Portugal,2020-04-12,520.4978176527643
Portugal,2020-04-13,507.8622696411251
Portugal,2020-04-14,496.2815227934044
Portugal,2020-04-15,472.71556741028127
Portugal,2020-04-16,440.94980601357906
Portugal,2020-04-17,407.72405431619785
Portugal,2020-04-18,370.2997090203686
Portugal,2020-04-19,336.61760426770127
Portugal,2020-04-20,305.0472841901067
Portugal,2020-04-21,272.7046556741028
Portugal,2020-04-22,240.94180407371482
Portugal,2020-04-23,209.73836081474298
Portugal,2020-04-24,179.48181377303587
Portugal,2020-04-25,159.47526673132882
Portugal,2020-04-26,133.55261881668284
Portugal,2020-04-27,114.30455868089233
Portugal,2020-04-28,90.12318137730358
Portugal,2020-04-29,76.21411251212416
Portugal,2020-04-30,48.439621726479146
Portugal,2020-05-01,31.234481086323953
Portugal,2020-05-02,14.904704170708051
Portugal,2020-05-03,12.957080504364693
Portugal,2020-05-04,2.1867119301648885
Portugal,2020-05-05,0.0
Finland,2020-02-15,0.7553346265761396
Finland,2020-02-16,0.8496605237633366
Finland,2020-02-17,1.0729873908826382
Finland,2020-02-18,1.2885548011639185
Finland,2020-02-19,1.5210960232783706
Finland,2020-02-20,1.8426285160038796
Finland,2020-02-21,2.25266731328807
Finland,2020-02-22,2.748060135790495
Finland,2020-02-23,3.3334141610087293
Finland,2020-02-24,4.062803103782736
Finland,2020-02-25,5.10184287099903
Finland,2020-02-26,6.196411251212416
Finland,2020-02-27,7.56741028128031
Finland,2020-02-28,9.58874878758487
Finland,2020-02-29,11.031522793404461
Finland,2020-03-01,13.74757516973812
Finland,2020-03-02,15.999515033947624
Finland,2020-03-03,18.983026188166825
Finland,2020-03-04,22.26066925315228
Finland,2020-03-05,25.531765276430647
Finland,2020-03-06,29.439864209505334
Finland,2020-03-07,32.921435499515034
Finland,2020-03-08,36.65203685741998
Finland,2020-03-09,40.70465567410281
Finland,2020-03-10,45.06838021338507
Finland,2020-03-11,49.047284190106694
Finland,2020-03-12,52.7992240543162
Finland,2020-03-13,57.883608147429676
Finland,2020-03-14,62.156644034917555
Finland,2020-03-15,65.8380213385063
Finland,2020-03-16,69.48666343355966
Finland,2020-03-17,74.13191076624636
Finland,2020-03-18,77.82153249272551
Finland,2020-03-19,79.92264791464598
Finland,2020-03-20,83.15809893307468
Finland,2020-03-21,86.05989330746849
Finland,2020-03-22,87.03952473326868
Finland,2020-03-23,88.17361784675073
Finland,2020-03-24,88.82492725509215
Finland,2020-03-25,92.1658583899127
Finland,2020-03-26,94.77036857419981
Finland,2020-03-27,97.87827352085354
Finland,2020-03-28,102.22769156159069
Finland,2020-03-29,108.29995150339477
Finland,2020-03-30,112.54243452958292
Finland,2020-03-31,115.43889427740058
Finland,2020-04-01,118.71483996120271
Finland,2020-04-02,124.65349175557711
Finland,2020-04-03,124.42167798254121
Finland,2020-04-04,125.40058195926287
Finland,2020-04-05,124.72381183317168
Finland,2020-04-06,124.97284190106691
Finland,2020-04-07,119.30019398642094
Finland,2020-04-08,116.32322987390883
Finland,2020-04-09,114.63845780795344
Finland,2020-04-10,114.07129000969931
Finland,2020-04-11,111.73060135790494
Finland,2020-04-12,111.2519398642095
Finland,2020-04-13,114.31231813773037
Finland,2020-04-14,115.22162948593598
Finland,2020-04-15,114.44592628516004
Finland,2020-04-16,113.61784675072744
Finland,2020-04-17,110.63433559650824
Finland,2020-04-18,106.815712900097
Finland,2020-04-19,101.09165858389913
Finland,2020-04-20,97.01964112512124
Finland,2020-04-21,94.39718719689621
Finland,2020-04-22,88.02812803103782
Finland,2020-04-23,81.38094083414161
Finland,2020-04-24,74.29825412221143
Finland,2020-04-25,68.67967992240543
Finland,2020-04-26,60.117361784675076
Finland,2020-04-27,52.463385063045585
Finland,2020-04-28,44.9078564500485
Finland,2020-04-29,37.70538312318138
Finland,2020-04-30,28.622211445198836
Finland,2020-05-01,20.778370514064015
Finland,2020-05-02,15.162463627546073
Finland,2020-05-03,8.19713870029098
Finland,2020-05-04,3.553346265761397
Finland,2020-05-05,0.47793404461687683
Romania,2020-02-15,0.978176527643065
Romania,2020-02-16,1.0361299709020368
Romania,2020-02-17,1.2359359844810864
Romania,2020-02-18,1.653976721629486
Romania,2020-02-19,1.8057710960232782
Romania,2020-02-20,2.46823472356935
Romania,2020-02-21,2.6408826382153254
Romania,2020-02-22,3.130213385063046
Romania,2020-02-23,3.6690106692531526
Romania,2020-02-24,4.379243452958293
Romania,2020-02-25,5.516003879728419
Romania,2020-02-26,6.6083899127061105
Romania,2020-02-27,7.7325412221144525
Romania,2020-02-28,9.169980601357905
Romania,2020-02-29,11.289039767216295
Romania,2020-03-01,13.291222114451989
Romania,2020-03-02,16.392095053346267
Romania,2020-03-03,19.000727449078564
Romania,2020-03-04,23.0184287099903
Romania,2020-03-05,27.14015518913676
Romania,2020-03-06,31.432104752667314
Romania,2020-03-07,37.150096993210475
Romania,2020-03-08,43.08874878758487
Romania,2020-03-09,50.045586808923375
Romania,2020-03-10,57.488845780795344
Romania,2020-03-11,65.77570320077595
Romania,2020-03-12,73.85572259941804
Romania,2020-03-13,85.17192046556741
Romania,2020-03-14,96.0676527643065
Romania,2020-03-15,111.69325897187196
Romania,2020-03-16,125.32759456838022
Romania,2020-03-17,139.90906886517945
Romania,2020-03-18,156.74345295829292
Romania,2020-03-19,176.22235693501455
Romania,2020-03-20,193.82759456838022
Romania,2020-03-21,211.52788554801162
Romania,2020-03-22,229.02085354025218
Romania,2020-03-23,245.92070805043647
Romania,2020-03-24,258.4447138700291
Romania,2020-03-25,271.20174587778854
Romania,2020-03-26,287.5919010669253
Romania,2020-03-27,299.87778855480116
Romania,2020-03-28,305.6091173617847
Romania,2020-03-29,314.90470417070804
Romania,2020-03-30,324.38166828322016
Romania,2020-03-31,332.7286614936954
Romania,2020-04-01,336.9122211445199
Romania,2020-04-02,342.0906886517944
Romania,2020-04-03,347.03176527643063
Romania,2020-04-04,343.19786614936953
Romania,2020-04-05,341.7325412221145
Romania,2020-04-06,346.0164888457808
Romania,2020-04-07,353.229388942774
Romania,2020-04-08,349.4570805043647
Romania,2020-04-09,348.3916100872939
Romania,2020-04-10,344.6142095053346
Romania,2020-04-11,341.9849660523763
Romania,2020-04-12,335.6782250242483
Romania,2020-04-13,334.2897672162949
Romania,2020-04-14,334.5531037827352
Romania,2020-04-15,331.51770126091174
Romania,2020-04-16,323.8693016488846
Romania,2020-04-17,319.6285160038797
Romania,2020-04-18,314.7846750727449
Romania,2020-04-19,304.26891367604264
Romania,2020-04-20,294.0414645974782
Romania,2020-04-21,282.75751697381185
Romania,2020-04-22,271.738360814743
Romania,2020-04-23,251.1040252182347
Romania,2020-04-24,233.80237633365667
Romania,2020-04-25,220.6517943743938
Romania,2020-04-26,202.69762366634336
Romania,2020-04-27,175.84578079534433
Romania,2020-04-28,150.86008729388942
Romania,2020-04-29,131.51260911736176
Romania,2020-04-30,104.54340446168767
Romania,2020-05-01,80.01891367604267
Romania,2020-05-02,58.30843840931136
Romania,2020-05-03,39.30164888457808
Romania,2020-05-04,17.462172647914645
Romania,2020-05-05,2.284917555771096
France,2020-02-15,30.487390882638216
France,2020-02-16,36.97308438409311
France,2020-02-17,44.3770611057226
France,2020-02-18,53.939621726479146
France,2020-02-19,66.56910766246364
France,2020-02-20,78.85596508244421
France,2020-02-21,95.791222114452
France,2020-02-22,113.07977691561591
France,2020-02-23,138.78031037827353
France,2020-02-24,159.29801163918526
France,2020-02-25,195.30019398642096
France,2020-02-26,230.40446168768187
France,2020-02-27,272.2400581959263
France,2020-02-28,324.8438409311349
France,2020-02-29,377.9997575169738
France,2020-03-01,445.16076624636275
France,2020-03-02,520.918768186227
France,2020-03-03,608.7007759456839
France,2020-03-04,706.6951988360815
France,2020-03-05,806.5855965082444
France,2020-03-06,917.8128031037827
France,2020-03-07,1056.537099903007
France,2020-03-08,1183.4398642095052
France,2020-03-09,1329.239573229874
France,2020-03-10,1486.8125606207566
France,2020-03-11,1662.1336081474296
France,2020-03-12,1839.4978176527643
France,2020-03-13,2011.55407371484
France,2020-03-14,2208.3719689621726
France,2020-03-15,2437.361057225994
France,2020-03-16,2633.6011154219204
France,2020-03-17,2820.8511154219204
France,2020-03-18,3054.192046556741
France,2020-03-19,3256.795101842871
France,2020-03-20,3433.5434044616877
France,2020-03-21,3608.3101357904943
France,2020-03-22,3766.229388942774
France,2020-03-23,3891.8506304558678
France,2020-03-24,3941.2638215324932
France,2020-03-25,3974.952230843841
France,2020-03-26,4015.5705625606206
France,2020-03-27,3989.888215324927
France,2020-03-28,3930.034190106692
France,2020-03-29,3827.744422890398
France,2020-03-30,3771.556983511154
France,2020-03-31,3646.708535402522
France,2020-04-01,3551.8576624636275
France,2020-04-02,3435.074927255092
France,2020-04-03,3330.899127061106
France,2020-04-04,3161.8758486905917
France,2020-04-05,3019.1270611057225
France,2020-04-06,2887.256062075655
France,2020-04-07,2722.2839476236663
France,2020-04-08,2566.7972841901064
France,2020-04-09,2421.258729388943
France,2020-04-10,2247.769398642095
France,2020-04-11,2080.3089233753635
France,2020-04-12,1987.1651309408342
France,2020-04-13,1933.6758001939863
France,2020-04-14,1832.344325897187
France,2020-04-15,1713.5710475266733
France,2020-04-16,1621.8884578079537
France,2020-04-17,1504.4667798254122
France,2020-04-18,1407.4219204655674
France,2020-04-19,1303.6491270611057
France,2020-04-20,1250.163433559651
France,2020-04-21,1157.7592143549953
France,2020-04-22,1053.4769641125122
France,2020-04-23,936.2165373423861
France,2020-04-24,829.795101842871
France,2020-04-25,720.2432104752668
France,2020-04-26,607.6074199806014
France,2020-04-27,497.91973811833174
France,2020-04-28,403.93986420950534
France,2020-04-29,311.34578079534435
France,2020-04-30,220.08341416100873
France,2020-05-01,141.32904946653736
France,2020-05-02,95.26236663433559
France,2020-05-03,51.36032977691562
France,2020-05-04,26.179437439379242
France,2020-05-05,3.7710960232783703
Slovakia,2020-02-15,0.18016488845780798
Slovakia,2020-02-16,0.17580019398642097
Slovakia,2020-02-17,0.2344810863239573
Slovakia,2020-02-18,0.2829776915615907
Slovakia,2020-02-19,0.33268671193016486
Slovakia,2020-02-20,0.4687196896217265
Slovakia,2020-02-21,0.5307953443258973
Slovakia,2020-02-22,0.6898642095053347
Slovakia,2020-02-23,0.8802133850630456
Slovakia,2020-02-24,1.0720174587778855
Slovakia,2020-02-25,1.4158583899127062
Slovakia,2020-02-26,1.653976721629486
Slovakia,2020-02-27,2.064258001939864
Slovakia,2020-02-28,2.591173617846751
Slovakia,2020-02-29,3.178467507274491
Slovakia,2020-03-01,3.751939864209505
Slovakia,2020-03-02,4.493695441319107
Slovakia,2020-03-03,5.304558680892336
Slovakia,2020-03-04,6.351115421920465
Slovakia,2020-03-05,7.328806983511154
Slovakia,2020-03-06,8.238845780795344
Slovakia,2020-03-07,9.448836081474298
Slovakia,2020-03-08,10.359844810863239
Slovakia,2020-03-09,11.264548981571291
Slovakia,2020-03-10,12.114451988360816
Slovakia,2020-03-11,12.76309408341416
Slovakia,2020-03-12,13.388215324927256
Slovakia,2020-03-13,13.725751697381183
Slovakia,2020-03-14,13.616149369544132
Slovakia,2020-03-15,14.022793404461687
Slovakia,2020-03-16,13.892822502424831
Slovakia,2020-03-17,14.22987390882638
Slovakia,2020-03-18,14.535402521823473
Slovakia,2020-03-19,14.927497575169737
Slovakia,2020-03-20,15.553346265761398
Slovakia,2020-03-21,16.804801163918526
Slovakia,2020-03-22,17.33050436469447
Slovakia,2020-03-23,18.869301648884576
Slovakia,2020-03-24,20.0082444228904
Slovakia,2020-03-25,21.415373423860327
Slovakia,2020-03-26,22.064500484966054
Slovakia,2020-03-27,23.46580989330747
Slovakia,2020-03-28,24.79849660523763
Slovakia,2020-03-29,26.28540252182347
Slovakia,2020-03-30,26.114694471387004
Slovakia,2020-03-31,27.49830261881668
Slovakia,2020-04-01,27.48520853540252
Slovakia,2020-04-02,28.210717749757517
Slovakia,2020-04-03,28.70344325897187
Slovakia,2020-04-04,29.905916585838987
Slovakia,2020-04-05,31.920223084384094
Slovakia,2020-04-06,33.71265761396702
Slovakia,2020-04-07,34.771823472356935
Slovakia,2020-04-08,37.213385063045585
Slovakia,2020-04-09,38.728176527643065
Slovakia,2020-04-10,39.89476236663434
Slovakia,2020-04-11,40.594325897187204
Slovakia,2020-04-12,41.261881668283216
Slovakia,2020-04-13,39.81328806983511
Slovakia,2020-04-14,38.15834141610087
Slovakia,2020-04-15,34.61129970902037
Slovakia,2020-04-16,30.37415130940834
Slovakia,2020-04-17,24.9590203685742
Slovakia,2020-04-18,20.410523763336567
Slovakia,2020-04-19,17.09117361784675
Slovakia,2020-04-20,13.92192046556741
Slovakia,2020-04-21,11.880698351115422
Slovakia,2020-04-22,9.876333656644036
Slovakia,2020-04-23,7.383850630455868
Slovakia,2020-04-24,5.573229873908826
Slovakia,2020-04-25,3.9170708050436467
Slovakia,2020-04-26,3.1309408341416103
Slovakia,2020-04-27,2.6956838021338507
Slovakia,2020-04-28,2.3174102812803103
Slovakia,2020-04-29,1.8799709020368573
Slovakia,2020-04-30,1.4396217264791464
Slovakia,2020-05-01,0.9847235693501455
Slovakia,2020-05-02,0.6205140640155189
Slovakia,2020-05-03,0.3566925315227934
Slovakia,2020-05-04,0.2162948593598448
Slovakia,2020-05-05,0.03273520853540252
Germany,2020-02-15,37.43743937924346
Germany,2020-02-16,46.349175557710964
Germany,2020-02-17,53.47308438409311
Germany,2020-02-18,62.091658583899125
Germany,2020-02-19,75.00266731328809
Germany,2020-02-20,80.69519883608147
Germany,2020-02-21,96.33317167798253
Germany,2020-02-22,114.89258001939864
Germany,2020-02-23,143.07856450048496
Germany,2020-02-24,174.89718719689623
Germany,2020-02-25,210.65591658583898
Germany,2020-02-26,248.04534432589716
Germany,2020-02-27,292.44738118331713
Germany,2020-02-28,347.04849660523763
Germany,2020-02-29,421.1772550921435
Germany,2020-03-01,498.93574199806017
Germany,2020-03-02,593.3887002909796
Germany,2020-03-03,727.5138215324928
Germany,2020-03-04,843.8035887487877
Germany,2020-03-05,994.3642095053347
Germany,2020-03-06,1153.3651794374393
Germany,2020-03-07,1368.4488360814742
Germany,2020-03-08,1583.0152764306497
Germany,2020-03-09,1829.5477691561591
Germany,2020-03-10,2108.258729388943
Germany,2020-03-11,2454.093113482056
Germany,2020-03-12,2716.5919010669254
Germany,2020-03-13,2981.298739088264
Germany,2020-03-14,3275.4806013579046
Germany,2020-03-15,3617.5826867119295
Germany,2020-03-16,3841.9003394762367
Germany,2020-03-17,4117.137730358875
Germany,2020-03-18,4369.336081474297
Germany,2020-03-19,4550.145489815713
Germany,2020-03-20,4542.516731328807
Germany,2020-03-21,4660.205625606208
Germany,2020-03-22,4770.112512124151
Germany,2020-03-23,4880.060135790494
Germany,2020-03-24,4925.313530552861
Germany,2020-03-25,4988.391125121241
Germany,2020-03-26,4935.174587778856
Germany,2020-03-27,4834.08971871969
Germany,2020-03-28,4693.085596508245
Germany,2020-03-29,4613.684529582929
Germany,2020-03-30,4500.014306498545
Germany,2020-03-31,4356.453200775946
Germany,2020-04-01,4156.258001939865
Germany,2020-04-02,3913.6578564500487
Germany,2020-04-03,3652.074684772066
Germany,2020-04-04,3427.975751697381
Germany,2020-04-05,3243.551891367604
Germany,2020-04-06,3108.6372453928225
Germany,2020-04-07,2983.7017458777887
Germany,2020-04-08,2854.020853540252
Germany,2020-04-09,2704.9173132880696
Germany,2020-04-10,2522.023763336567
Germany,2020-04-11,2390.196168768186
Germany,2020-04-12,2325.0329776915614
Germany,2020-04-13,2263.2150824442288
Germany,2020-04-14,2180.7856450048494
Germany,2020-04-15,2077.562075654704
Germany,2020-04-16,1947.5880213385062
Germany,2020-04-17,1786.5223084384093
Germany,2020-04-18,1629.2691561590689
Germany,2020-04-19,1507.1137245392822
Germany,2020-04-20,1408.1054801163918
Germany,2020-04-21,1282.7456353055286
Germany,2020-04-22,1144.1758001939863
Germany,2020-04-23,1005.5317652764306
Germany,2020-04-24,871.8455383123182
Germany,2020-04-25,753.7158098933073
Germany,2020-04-26,644.2747332686712
Germany,2020-04-27,549.9612027158099
Germany,2020-04-28,457.6709505334626
Germany,2020-04-29,361.43040737148397
Germany,2020-04-30,266.18113482056253
Germany,2020-05-01,182.9384093113482
Germany,2020-05-02,125.48060135790493
Germany,2020-05-03,73.20756547041707
Germany,2020-05-04,33.18089233753637
Germany,2020-05-05,4.4847235693501455
Slovenia,2020-02-15,0.4864209505334627
Slovenia,2020-02-16,0.6188166828322017
Slovenia,2020-02-17,0.8234723569350145
Slovenia,2020-02-18,1.0038797284190109
Slovenia,2020-02-19,1.291949563530553
Slovenia,2020-02-20,1.5417070805043647
Slovenia,2020-02-21,1.9468962172647917
Slovenia,2020-02-22,2.373666343355965
Slovenia,2020-02-23,2.966537342386033
Slovenia,2020-02-24,3.7626091173617846
Slovenia,2020-02-25,4.650581959262851
Slovenia,2020-02-26,5.751939864209505
Slovenia,2020-02-27,6.963870029097963
Slovenia,2020-02-28,8.419738118331718
Slovenia,2020-02-29,10.168768186226965
Slovenia,2020-03-01,12.152521823472355
Slovenia,2020-03-02,14.526915615906887
Slovenia,2020-03-03,17.130213385063044
Slovenia,2020-03-04,19.77133850630456
Slovenia,2020-03-05,22.48836081474297
Slovenia,2020-03-06,24.833899127061105
Slovenia,2020-03-07,27.12172647914646
Slovenia,2020-03-08,29.30189136760427
Slovenia,2020-03-09,31.086081474296797
Slovenia,2020-03-10,32.392580019398636
Slovenia,2020-03-11,33.48035887487876
Slovenia,2020-03-12,33.83462657613967
Slovenia,2020-03-13,33.769156159068864
Slovenia,2020-03-14,33.6988360814743
Slovenia,2020-03-15,34.19568380213386
Slovenia,2020-03-16,34.84529582929195
Slovenia,2020-03-17,36.51891367604267
Slovenia,2020-03-18,37.77400581959263
Slovenia,2020-03-19,39.720902036857424
Slovenia,2020-03-20,40.43840931134821
Slovenia,2020-03-21,41.17289039767216
Slovenia,2020-03-22,41.18089233753637
Slovenia,2020-03-23,41.543889427740055
Slovenia,2020-03-24,41.250242483026184
Slovenia,2020-03-25,40.49684772065956
Slovenia,2020-03-26,39.18016488845781
Slovenia,2020-03-27,37.63651794374394
Slovenia,2020-03-28,35.41294859359845
Slovenia,2020-03-29,34.01818622696411
Slovenia,2020-03-30,32.74903006789525
Slovenia,2020-03-31,31.681619786614934
Slovenia,2020-04-01,29.79219204655674
Slovenia,2020-04-02,28.616876818622696
Slovenia,2020-04-03,26.431134820562562
Slovenia,2020-04-04,24.655189136760427
Slovenia,2020-04-05,22.855480116391853
Slovenia,2020-04-06,21.84529582929195
Slovenia,2020-04-07,20.47405431619787
Slovenia,2020-04-08,18.671193016488843
Slovenia,2020-04-09,16.890882638215324
Slovenia,2020-04-10,15.50266731328807
Slovenia,2020-04-11,14.251939864209506
Slovenia,2020-04-12,13.217507274490785
Slovenia,2020-04-13,12.7868574199806
Slovenia,2020-04-14,12.615664403491756
Slovenia,2020-04-15,12.103540252182347
Slovenia,2020-04-16,11.027643064985451
Slovenia,2020-04-17,10.290494665373423
Slovenia,2020-04-18,9.753394762366636
Slovenia,2020-04-19,8.88894277400582
Slovenia,2020-04-20,8.129970902036856
Slovenia,2020-04-21,7.629243452958293
Slovenia,2020-04-22,6.860329776915616
Slovenia,2020-04-23,5.830989330746847
Slovenia,2020-04-24,5.060135790494665
Slovenia,2020-04-25,4.337778855480116
Slovenia,2020-04-26,3.3981571290009693
Slovenia,2020-04-27,2.4941804073714837
Slovenia,2020-04-28,2.1741028128031035
Slovenia,2020-04-29,1.7677012609117362
Slovenia,2020-04-30,1.1646459747817652
Slovenia,2020-05-01,0.5703200775945684
Slovenia,2020-05-02,0.2424830261881668
Slovenia,2020-05-03,0.03273520853540252
Slovenia,2020-05-04,0.0
Slovenia,2020-05-05,0.0
Greece,2020-02-15,1.1707080504364695
Greece,2020-02-16,1.3389912706110572
Greece,2020-02-17,1.747090203685742
Greece,2020-02-18,2.258729388942774
Greece,2020-02-19,2.686226964112512
Greece,2020-02-20,3.303346265761397
Greece,2020-02-21,3.800436469447139
Greece,2020-02-22,4.8608147429679915
Greece,2020-02-23,5.678467507274491
Greece,2020-02-24,6.799951503394762
Greece,2020-02-25,8.230358874878759
Greece,2020-02-26,9.929437439379242
Greece,2020-02-27,11.630698351115422
Greece,2020-02-28,13.313773035887486
Greece,2020-02-29,15.066682832201744
Greece,2020-03-01,17.271096023278368
Greece,2020-03-02,19.3688166828322
Greece,2020-03-03,22.064742967992238
Greece,2020-03-04,24.72114451988361
Greece,2020-03-05,27.622453928225024
Greece,2020-03-06,29.682104752667314
Greece,2020-03-07,32.00678952473327
Greece,2020-03-08,34.758001939864215
Greece,2020-03-09,38.14888457807953
Greece,2020-03-10,41.30334626576139
Greece,2020-03-11,44.738845780795344
Greece,2020-03-12,47.74587778855481
Greece,2020-03-13,50.427982541222114
Greece,2020-03-14,52.99030067895247
Greece,2020-03-15,56.31183317167798
Greece,2020-03-16,59.01139670223084
Greece,2020-03-17,63.21629485935984
Greece,2020-03-18,66.77085354025218
Greece,2020-03-19,69.25751697381183
Greece,2020-03-20,72.05189136760427
Greece,2020-03-21,73.86081474296799
Greece,2020-03-22,74.85596508244424
Greece,2020-03-23,74.1476721629486
Greece,2020-03-24,73.31886517943744
Greece,2020-03-25,72.2417555771096
Greece,2020-03-26,71.26066925315229
Greece,2020-03-27,69.65058195926287
Greece,2020-03-28,66.94641125121242
Greece,2020-03-29,64.35766246362755
Greece,2020-03-30,61.880455868089236
Greece,2020-03-31,59.145974781765275
Greece,2020-04-01,55.86930164888457
Greece,2020-04-02,53.11736178467507
Greece,2020-04-03,50.244907856450055
Greece,2020-04-04,45.411008729388946
Greece,2020-04-05,42.2417555771096
Greece,2020-04-06,38.180407371483994
Greece,2020-04-07,34.636760426770124
Greece,2020-04-08,30.038797284190107
Greece,2020-04-09,26.372938894277397
Greece,2020-04-10,22.621968962172645
Greece,2020-04-11,19.879000969932108
Greece,2020-04-12,16.882880698351116
Greece,2020-04-13,15.796071774975752
Greece,2020-04-14,14.584141610087295
Greece,2020-04-15,14.442531522793404
Greece,2020-04-16,14.275218234723567
Greece,2020-04-17,14.427982541222116
Greece,2020-04-18,14.61517943743938
Greece,2020-04-19,15.007032007759456
Greece,2020-04-20,14.408826382153249
Greece,2020-04-21,14.100145489815713
Greece,2020-04-22,13.0594083414161
Greece,2020-04-23,12.514306498545102
Greece,2020-04-24,11.609359844810864
Greece,2020-04-25,10.690349175557712
Greece,2020-04-26,9.12948593598448
Greece,2020-04-27,8.40082444228904
Greece,2020-04-28,7.072259941804074
Greece,2020-04-29,5.694228903976722
Greece,2020-04-30,3.873666343355965
Greece,2020-05-01,2.6200290979631427
Greece,2020-05-02,1.9818137730358876
Greece,2020-05-03,0.787827352085354
Greece,2020-05-04,0.2909796314258002
Greece,2020-05-05,0.039282250242483024
Spain,2020-02-15,37.10063045586809
Spain,2020-02-16,44.73690591658584
Spain,2020-02-17,53.078322017458774
Spain,2020-02-18,66.22526673132882
Spain,2020-02-19,76.41028128031039
Spain,2020-02-20,92.01139670223084
Spain,2020-02-21,104.1474296799224
Spain,2020-02-22,126.62487875848691
Spain,2020-02-23,150.87124151309408
Spain,2020-02-24,180.21290009699322
Spain,2020-02-25,218.04485935984482
Spain,2020-02-26,258.51770126091174
Spain,2020-02-27,313.42822502424826
Spain,2020-02-28,373.54073714839967
Spain,2020-02-29,454.9927255092143
Spain,2020-03-01,548.6454898157128
Spain,2020-03-02,672.2235693501455
Spain,2020-03-03,805.3045586808923
Spain,2020-03-04,955.5501939864208
Spain,2020-03-05,1132.7914645974784
Spain,2020-03-06,1351.999030067895
Spain,2020-03-07,1573.414888457808
Spain,2020-03-08,1837.675072744908
Spain,2020-03-09,2113.669980601358
Spain,2020-03-10,2428.973569350145
Spain,2020-03-11,2759.2769156159065
Spain,2020-03-12,3110.193016488846
Spain,2020-03-13,3478.101600387973
Spain,2020-03-14,3872.7092628516
Spain,2020-03-15,4267.951503394763
Spain,2020-03-16,4669.89185257032
Spain,2020-03-17,5099.792919495635
Spain,2020-03-18,5548.33971871969
Spain,2020-03-19,5921.403976721629
Spain,2020-03-20,6272.029340446169
Spain,2020-03-21,6562.260184287099
Spain,2020-03-22,6817.214354995151
Spain,2020-03-23,6990.364936954413
Spain,2020-03-24,7138.765518913676
Spain,2020-03-25,7188.630940834141
Spain,2020-03-26,7103.575654704171
Spain,2020-03-27,6963.952473326867
Spain,2020-03-28,6746.294859359845
Spain,2020-03-29,6547.453200775945
Spain,2020-03-30,6336.824927255093
Spain,2020-03-31,6134.167555771096
Spain,2020-04-01,5895.896459747817
Spain,2020-04-02,5617.777400581959
Spain,2020-04-03,5328.182347235694
Spain,2020-04-04,5035.900581959263
Spain,2020-04-05,4781.369301648885
Spain,2020-04-06,4523.867119301649
Spain,2020-04-07,4322.822259941804
Spain,2020-04-08,4122.820805043647
Spain,2020-04-09,3926.2041707080502
Spain,2020-04-10,3702.305043646945
Spain,2020-04-11,3500.737148399612
Spain,2020-04-12,3326.230358874879
Spain,2020-04-13,3178.670223084384
Spain,2020-04-14,3007.9168283220174
Spain,2020-04-15,2864.8348690591656
Spain,2020-04-16,2677.2209020368573
Spain,2020-04-17,2495.9515033947623
Spain,2020-04-18,2268.807468477207
Spain,2020-04-19,2077.3678467507275
Spain,2020-04-20,1905.9711445198836
Spain,2020-04-21,1753.2822502424829
Spain,2020-04-22,1553.5843840931134
Spain,2020-04-23,1393.0831716779826
Spain,2020-04-24,1208.3455383123182
Spain,2020-04-25,1031.5162463627546
Spain,2020-04-26,842.2281765276431
Spain,2020-04-27,720.3937924345296
Spain,2020-04-28,582.6959262851601
Spain,2020-04-29,469.7153249272551
Spain,2020-04-30,343.96168768186226
Spain,2020-05-01,257.6561590688652
Spain,2020-05-02,158.04000969932105
Spain,2020-05-03,77.47914645974781
Spain,2020-05-04,28.650096993210475
Spain,2020-05-05,3.568137730358875
Hungary,2020-02-15,0.2759456838021339
Hungary,2020-02-16,0.331474296799224
Hungary,2020-02-17,0.36663433559650827
Hungary,2020-02-18,0.488360814742968
Hungary,2020-02-19,0.5327352085354025
Hungary,2020-02-20,0.6362754607177499
Hungary,2020-02-21,0.7308438409311349
Hungary,2020-02-22,0.8484481086323957
Hungary,2020-02-23,1.117604267701261
Hungary,2020-02-24,1.26454898157129
Hungary,2020-02-25,1.5843840931134823
Hungary,2020-02-26,1.9483511154219206
Hungary,2020-02-27,2.2536372453928224
Hungary,2020-02-28,2.8283220174587775
Hungary,2020-02-29,3.253637245392822
Hungary,2020-03-01,3.879000969932105
Hungary,2020-03-02,4.755577109602328
Hungary,2020-03-03,5.505092143549952
Hungary,2020-03-04,6.5465567410281285
Hungary,2020-03-05,7.634578079534433
Hungary,2020-03-06,8.876576139670224
Hungary,2020-03-07,10.142580019398643
Hungary,2020-03-08,11.841901066925317
Hungary,2020-03-09,13.502909796314256
Hungary,2020-03-10,15.62997090203686
Hungary,2020-03-11,17.7090203685742
Hungary,2020-03-12,19.985208535402524
Hungary,2020-03-13,22.672890397672163
Hungary,2020-03-14,25.33559650824442
Hungary,2020-03-15,27.785160038797283
Hungary,2020-03-16,30.727206595538313
Hungary,2020-03-17,33.11396702230844
Hungary,2020-03-18,36.22793404461687
Hungary,2020-03-19,38.204898157129
Hungary,2020-03-20,40.26382153249273
Hungary,2020-03-21,42.59820562560621
Hungary,2020-03-22,44.351600387972844
Hungary,2020-03-23,45.91003879728419
Hungary,2020-03-24,47.449563530552865
Hungary,2020-03-25,49.4180407371484
Hungary,2020-03-26,51.51551891367605
Hungary,2020-03-27,53.345295829291956
Hungary,2020-03-28,55.34190106692532
Hungary,2020-03-29,58.269398642095055
Hungary,2020-03-30,61.74781765276431
Hungary,2020-03-31,64.06716779825413
Hungary,2020-04-01,66.83656644034917
Hungary,2020-04-02,69.93865179437438
Hungary,2020-04-03,71.81983511154219
Hungary,2020-04-04,73.409796314258
Hungary,2020-04-05,74.64185257032008
Hungary,2020-04-06,77.45611057225995
Hungary,2020-04-07,77.28200775945685
Hungary,2020-04-08,76.10329776915617
Hungary,2020-04-09,75.30916585838992
Hungary,2020-04-10,74.23205625606208
Hungary,2020-04-11,72.66488845780795
Hungary,2020-04-12,72.4590203685742
Hungary,2020-04-13,72.9854510184287
Hungary,2020-04-14,73.72769156159069
Hungary,2020-04-15,73.71144519883609
Hungary,2020-04-16,72.91197866149369
Hungary,2020-04-17,71.16440349175558
Hungary,2020-04-18,70.27715809893307
Hungary,2020-04-19,68.10669253152278
Hungary,2020-04-20,65.39888457807953
Hungary,2020-04-21,61.958292919495634
Hungary,2020-04-22,59.2458777885548
Hungary,2020-04-23,55.52400581959263
Hungary,2020-04-24,50.872211445198836
Hungary,2020-04-25,46.52982541222114
Hungary,2020-04-26,41.961687681862266
Hungary,2020-04-27,35.885305528612996
Hungary,2020-04-28,30.007032007759456
Hungary,2020-04-29,23.946168768186226
Hungary,2020-04-30,17.89403491755577
Hungary,2020-05-01,11.85184287099903
Hungary,2020-05-02,7.096750727449079
Hungary,2020-05-03,3.650096993210475
Hungary,2020-05-04,1.5007274490785645
Hungary,2020-05-05,0.19641125121241512
Sweden,2020-02-15,3.306983511154219
Sweden,2020-02-16,4.210960232783705
Sweden,2020-02-17,5.264064015518914
Sweden,2020-02-18,6.622696411251212
Sweden,2020-02-19,8.07007759456838
Sweden,2020-02-20,9.713385063045587
Sweden,2020-02-21,11.913676042677013
Sweden,2020-02-22,14.673617846750727
Sweden,2020-02-23,18.14767216294859
Sweden,2020-02-24,22.5307953443259
Sweden,2020-02-25,26.84141610087294
Sweden,2020-02-26,32.093355965082445
Sweden,2020-02-27,37.73617846750727
Sweden,2020-02-28,44.79582929194956
Sweden,2020-02-29,52.66488845780795
Sweden,2020-03-01,61.384578079534435
Sweden,2020-03-02,71.40737148399612
Sweden,2020-03-03,81.50266731328807
Sweden,2020-03-04,91.75897187196897
Sweden,2020-03-05,100.94835111542191
Sweden,2020-03-06,110.74563530552862
Sweden,2020-03-07,119.5819592628516
Sweden,2020-03-08,128.7604267701261
Sweden,2020-03-09,136.5654704170708
Sweden,2020-03-10,145.56789524733267
Sweden,2020-03-11,151.65106692531523
Sweden,2020-03-12,158.72332686711928
Sweden,2020-03-13,164.83098933074683
Sweden,2020-03-14,176.53346265761397
Sweden,2020-03-15,188.83947623666342
Sweden,2020-03-16,207.67507274490785
Sweden,2020-03-17,226.76576139670223
Sweden,2020-03-18,247.3627546071775
Sweden,2020-03-19,267.11323957322986
Sweden,2020-03-20,291.3765761396702
Sweden,2020-03-21,311.76236663433565
Sweden,2020-03-22,335.42046556741025
Sweden,2020-03-23,359.41998060135785
Sweden,2020-03-24,384.4905431619787
Sweden,2020-03-25,400.27206595538314
Sweden,2020-03-26,416.56062075654705
Sweden,2020-03-27,432.32541222114446
Sweden,2020-03-28,450.18865179437444
Sweden,2020-03-29,463.37221144519884
Sweden,2020-03-30,480.3098933074685
Sweden,2020-03-31,497.5150339476237
Sweden,2020-04-01,507.8450533462658
Sweden,2020-04-02,511.07516973811835
Sweden,2020-04-03,518.6571290009699
Sweden,2020-04-04,532.1384578079535
Sweden,2020-04-05,544.4900581959262
Sweden,2020-04-06,554.4776915615907
Sweden,2020-04-07,563.4769641125122
Sweden,2020-04-08,569.5608632395732
Sweden,2020-04-09,566.5210960232783
Sweden,2020-04-10,566.9699321047526
Sweden,2020-04-11,572.9117361784674
Sweden,2020-04-12,585.5989330746849
Sweden,2020-04-13,595.6644034917556
Sweden,2020-04-14,606.345295829292
Sweden,2020-04-15,612.8903976721629
Sweden,2020-04-16,616.7752182347235
Sweden,2020-04-17,608.047769156159
Sweden,2020-04-18,603.356935014549
Sweden,2020-04-19,591.414888457808
Sweden,2020-04-20,580.4473811833172
Sweden,2020-04-21,559.4917555771096
Sweden,2020-04-22,537.5383123181377
Sweden,2020-04-23,499.3950048496605
Sweden,2020-04-24,456.5746847720659
Sweden,2020-04-25,408.3232298739089
Sweden,2020-04-26,363.26721629485934
Sweden,2020-04-27,307.45829291949565
Sweden,2020-04-28,256.00096993210474
Sweden,2020-04-29,201.1042677012609
Sweden,2020-04-30,153.03540252182347
Sweden,2020-05-01,100.87051406401551
Sweden,2020-05-02,68.15324927255092
Sweden,2020-05-03,36.85281280310378
Sweden,2020-05-04,18.486178467507276
Sweden,2020-05-05,2.645004849660524
Ireland,2020-02-15,1.3843355965082444
Ireland,2020-02-16,1.621968962172648
Ireland,2020-02-17,1.9054316197866148
Ireland,2020-02-18,2.2065955383123184
Ireland,2020-02-19,2.848448108632396
Ireland,2020-02-20,3.2301163918525706
Ireland,2020-02-21,3.568137730358875
Ireland,2020-02-22,4.440106692531522
Ireland,2020-02-23,5.042434529582929
Ireland,2020-02-24,6.404461687681863
Ireland,2020-02-25,7.705140640155189
Ireland,2020-02-26,9.324442289039766
Ireland,2020-02-27,11.43913676042677
Ireland,2020-02-28,13.362997090203685
Ireland,2020-02-29,16.33220174587779
Ireland,2020-03-01,20.03540252182347
Ireland,2020-03-02,24.887245392822503
Ireland,2020-03-03,29.604995150339477
Ireland,2020-03-04,35.840203685742
Ireland,2020-03-05,41.856450048496605
Ireland,2020-03-06,49.96653734238603
Ireland,2020-03-07,59.46508244422891
Ireland,2020-03-08,68.85620756547041
Ireland,2020-03-09,80.56886517943744
Ireland,2020-03-10,92.52133850630456
Ireland,2020-03-11,107.21387002909796
Ireland,2020-03-12,120.6003879728419
Ireland,2020-03-13,134.73084384093113
Ireland,2020-03-14,151.6389427740058
Ireland,2020-03-15,171.51576139670223
Ireland,2020-03-16,190.63288069835113
Ireland,2020-03-17,209.56692531522793
Ireland,2020-03-18,228.56789524733267
Ireland,2020-03-19,249.73035887487876
Ireland,2020-03-20,270.9061590688652
Ireland,2020-03-21,290.58050436469443
Ireland,2020-03-22,311.3178952473327
Ireland,2020-03-23,331.16513094083416
Ireland,2020-03-24,353.48642095053344
Ireland,2020-03-25,373.18380213385063
Ireland,2020-03-26,395.65737148399614
Ireland,2020-03-27,414.7611542192047
Ireland,2020-03-28,441.9371968962173
Ireland,2020-03-29,467.18549951503394
Ireland,2020-03-30,496.7521823472357
Ireland,2020-03-31,531.1935014548981
Ireland,2020-04-01,572.1665858389913
Ireland,2020-04-02,601.8804558680893
Ireland,2020-04-03,629.5455868089233
Ireland,2020-04-04,657.9983026188168
Ireland,2020-04-05,687.7936469447138
Ireland,2020-04-06,700.9064015518913
Ireland,2020-04-07,721.8159553831232
Ireland,2020-04-08,723.5982056256062
Ireland,2020-04-09,716.8343840931134
Ireland,2020-04-10,686.1951988360814
Ireland,2020-04-11,660.8431134820562
Ireland,2020-04-12,633.6566440349176
Ireland,2020-04-13,608.1047526673133
Ireland,2020-04-14,582.1418525703201
Ireland,2020-04-15,554.561833171678
Ireland,2020-04-16,525.529825412221
Ireland,2020-04-17,498.08608147429675
Ireland,2020-04-18,478.45198836081477
Ireland,2020-04-19,450.61760426770127
Ireland,2020-04-20,425.5986905916586
Ireland,2020-04-21,406.0868089233754
Ireland,2020-04-22,381.4134335596508
Ireland,2020-04-23,337.8205625606207
Ireland,2020-04-24,293.8338991270611
Ireland,2020-04-25,257.49418040737146
Ireland,2020-04-26,224.00290979631424
Ireland,2020-04-27,182.13191076624634
Ireland,2020-04-28,152.8048011639185
Ireland,2020-04-29,124.42846750727449
Ireland,2020-04-30,96.37609117361785
Ireland,2020-05-01,69.91270611057226
Ireland,2020-05-02,49.96459747817653
Ireland,2020-05-03,28.554558680892338
Ireland,2020-05-04,11.221629485935985
Ireland,2020-05-05,1.414161008729389
Russia,2020-02-15,2.0426770126091176
Russia,2020-02-16,1.8368089233753637
Russia,2020-02-17,2.4660523763336566
Russia,2020-02-18,2.503637245392823
Russia,2020-02-19,2.660281280310378
Russia,2020-02-20,3.130455868089234
Russia,2020-02-21,3.672405431619787
Russia,2020-02-22,4.474539282250243
Russia,2020-02-23,4.972114451988361
Russia,2020-02-24,6.351115421920466
Russia,2020-02-25,6.779340446168768
Russia,2020-02-26,8.079049466537342
Russia,2020-02-27,9.562075654704172
Russia,2020-02-28,11.344325897187197
Russia,2020-02-29,14.283947623666343
Russia,2020-03-01,16.496120271580992
Russia,2020-03-02,16.95247332686712
Russia,2020-03-03,20.499515033947624
Russia,2020-03-04,24.374878758486904
Russia,2020-03-05,29.94738118331717
Russia,2020-03-06,35.58729388942774
Russia,2020-03-07,42.88385063045587
Russia,2020-03-08,50.750484966052376
Russia,2020-03-09,60.389185257032004
Russia,2020-03-10,70.99248302618815
Russia,2020-03-11,83.69156159068865
Russia,2020-03-12,100.01066925315229
Russia,2020-03-13,114.5019398642095
Russia,2020-03-14,135.56668283220174
Russia,2020-03-15,155.88967022308438
Russia,2020-03-16,181.59869059165857
Russia,2020-03-17,217.15106692531523
Russia,2020-03-18,249.10717749757515
Russia,2020-03-19,291.78831231813774
Russia,2020-03-20,337.42143549951504
Russia,2020-03-21,391.0982056256062
Russia,2020-03-22,450.8935499515034
Russia,2020-03-23,518.5623181377305
Russia,2020-03-24,601.466537342386
Russia,2020-03-25,696.278370514064
Russia,2020-03-26,792.3355965082444
Russia,2020-03-27,896.8108632395732
Russia,2020-03-28,1002.7822502424831
Russia,2020-03-29,1136.743452958293
Russia,2020-03-30,1280.2691561590689
Russia,2020-03-31,1438.3462657613966
Russia,2020-04-01,1614.2058680892337
Russia,2020-04-02,1801.0960232783705
Russia,2020-04-03,2005.8343840931136
Russia,2020-04-04,2225.8128031037827
Russia,2020-04-05,2494.95295829292
Russia,2020-04-06,2753.279340446169
Russia,2020-04-07,3042.2926770126096
Russia,2020-04-08,3336.3256547041706
Russia,2020-04-09,3640.1644034917554
Russia,2020-04-10,3942.8355965082446
Russia,2020-04-11,4217.941319107663
Russia,2020-04-12,4483.55407371484
Russia,2020-04-13,4748.788069835111
Russia,2020-04-14,5000.352085354025
Russia,2020-04-15,5205.360814742968
Russia,2020-04-16,5368.198836081474
Russia,2020-04-17,5554.8620271580985
Russia,2020-04-18,5669.951988360815
Russia,2020-04-19,5693.05407371484
Russia,2020-04-20,5735.74175557711
Russia,2020-04-21,5758.995392822502
Russia,2020-04-22,5777.214597478176
Russia,2020-04-23,5724.616149369544
Russia,2020-04-24,5641.13870029098
Russia,2020-04-25,5459.063045586809
Russia,2020-04-26,5149.132395732298
Russia,2020-04-27,4648.847235693502
Russia,2020-04-28,4176.922890397672
Russia,2020-04-29,3693.3295344325898
Russia,2020-04-30,3134.7529097963143
Russia,2020-05-01,2434.057953443259
Russia,2020-05-02,1808.184287099903
Russia,2020-05-03,1119.6915615906887
Russia,2020-05-04,513.4830261881668
Russia,2020-05-05,69.27424830261882
Norway,2020-02-15,3.9175557710960236
Norway,2020-02-16,4.965324927255092
Norway,2020-02-17,5.88094083414161
Norway,2020-02-18,7.2032007759456835
Norway,2020-02-19,8.888215324927256
Norway,2020-02-20,11.0
Norway,2020-02-21,13.358874878758488
Norway,2020-02-22,15.510426770126092
Norway,2020-02-23,18.82395732298739
Norway,2020-02-24,23.600630455868092
Norway,2020-02-25,27.947381183317166
Norway,2020-02-26,32.356450048496605
Norway,2020-02-27,38.615664403491756
Norway,2020-02-28,44.92143549951503
Norway,2020-02-29,52.09068865179437
Norway,2020-03-01,59.980601357904945
Norway,2020-03-02,69.87124151309408
Norway,2020-03-03,81.23763336566441
Norway,2020-03-04,89.36639185257032
Norway,2020-03-05,96.99878758486906
Norway,2020-03-06,108.80164888457809
Norway,2020-03-07,120.49272550921434
Norway,2020-03-08,128.84941804073716
Norway,2020-03-09,138.68986420950534
Norway,2020-03-10,149.56086323957322
Norway,2020-03-11,157.96677982541223
Norway,2020-03-12,162.04413191076623
Norway,2020-03-13,172.01915615906887
Norway,2020-03-14,183.98981571290008
Norway,2020-03-15,194.12875848690595
Norway,2020-03-16,202.35596508244421
Norway,2020-03-17,212.10766246362755
Norway,2020-03-18,222.22235693501455
Norway,2020-03-19,232.37512124151309
Norway,2020-03-20,236.23617846750727
Norway,2020-03-21,238.8545101842871
Norway,2020-03-22,239.59141610087295
Norway,2020-03-23,239.7354510184287
Norway,2020-03-24,233.89282250242485
Norway,2020-03-25,230.2766731328807
Norway,2020-03-26,222.64645974781766
Norway,2020-03-27,211.71774975751697
Norway,2020-03-28,194.1779825412221
Norway,2020-03-29,181.47114451988358
Norway,2020-03-30,170.50800193986422
Norway,2020-03-31,159.50048496605237
Norway,2020-04-01,146.01988360814744
Norway,2020-04-02,134.13433559650827
Norway,2020-04-03,120.18937924345298
Norway,2020-04-04,108.37778855480116
Norway,2020-04-05,96.53103782735208
Norway,2020-04-06,90.90300678952474
Norway,2020-04-07,87.79413191076624
Norway,2020-04-08,83.36978661493696
Norway,2020-04-09,77.25484966052376
Norway,2020-04-10,73.3976721629486
Norway,2020-04-11,71.74466537342386
Norway,2020-04-12,69.23714839961202
Norway,2020-04-13,65.95611057225995
Norway,2020-04-14,65.54340446168769
Norway,2020-04-15,62.68137730358875
Norway,2020-04-16,58.59529582929195
Norway,2020-04-17,56.039039767216295
Norway,2020-04-18,55.40373423860329
Norway,2020-04-19,52.70368574199806
Norway,2020-04-20,49.719689621726474
Norway,2020-04-21,47.393307468477204
Norway,2020-04-22,43.851600387972844
Norway,2020-04-23,39.251939864209504
Norway,2020-04-24,34.545101842871
Norway,2020-04-25,30.959747817652765
Norway,2020-04-26,27.507032007759456
Norway,2020-04-27,23.879000969932108
Norway,2020-04-28,20.122938894277404
Norway,2020-04-29,16.290009699321047
Norway,2020-04-30,11.876091173617846
Norway,2020-05-01,8.547041707080504
Norway,2020-05-02,5.8600872938894275
Norway,2020-05-03,4.290494665373424
Norway,2020-05-04,1.921435499515034
Norway,2020-05-05,0.24878758486905916
Switzerland,2020-02-15,9.17580019398642
Switzerland,2020-02-16,10.675072744907856
Switzerland,2020-02-17,13.400339476236663
Switzerland,2020-02-18,14.97211445198836
Switzerland,2020-02-19,18.1086323957323
Switzerland,2020-02-20,20.514064015518915
Switzerland,2020-02-21,24.388215324927252
Switzerland,2020-02-22,29.073714839961205
Switzerland,2020-02-23,35.61954413191077
Switzerland,2020-02-24,43.76309408341416
Switzerland,2020-02-25,53.61348205625607
Switzerland,2020-02-26,64.58438409311348
Switzerland,2020-02-27,77.41537342386032
Switzerland,2020-02-28,91.9983026188167
Switzerland,2020-02-29,108.52715809893307
Switzerland,2020-03-01,131.72672162948595
Switzerland,2020-03-02,155.06619786614937
Switzerland,2020-03-03,186.65931134820562
Switzerland,2020-03-04,217.18089233753636
Switzerland,2020-03-05,254.84238603297769
Switzerland,2020-03-06,291.9752667313288
Switzerland,2020-03-07,335.8819107662464
Switzerland,2020-03-08,380.324684772066
Switzerland,2020-03-09,438.5880213385063
Switzerland,2020-03-10,496.9396217264791
Switzerland,2020-03-11,560.8516003879729
Switzerland,2020-03-12,621.2946168768186
Switzerland,2020-03-13,685.8360814742969
Switzerland,2020-03-14,739.8792434529582
Switzerland,2020-03-15,801.534917555771
Switzerland,2020-03-16,853.9022793404463
Switzerland,2020-03-17,912.0654704170709
Switzerland,2020-03-18,944.5
Switzerland,2020-03-19,972.4039767216295
Switzerland,2020-03-20,972.3450533462658
Switzerland,2020-03-21,970.4294374393792
Switzerland,2020-03-22,958.4005819592629
Switzerland,2020-03-23,950.1910766246363
Switzerland,2020-03-24,938.7286614936954
Switzerland,2020-03-25,931.0082444228904
Switzerland,2020-03-26,910.2218719689622
Switzerland,2020-03-27,878.4047041707081
Switzerland,2020-03-28,838.3913676042678
Switzerland,2020-03-29,795.2245392822501
Switzerland,2020-03-30,747.0817167798253
Switzerland,2020-03-31,697.7858874878759
Switzerland,2020-04-01,649.1098448108633
Switzerland,2020-04-02,601.5480116391852
Switzerland,2020-04-03,550.086323957323
Switzerland,2020-04-04,497.53103782735207
Switzerland,2020-04-05,454.09917555771096
Switzerland,2020-04-06,420.11639185257036
Switzerland,2020-04-07,393.5320077594568
Switzerland,2020-04-08,365.67167798254115
Switzerland,2020-04-09,338.4105237633365
Switzerland,2020-04-10,309.6682832201746
Switzerland,2020-04-11,279.1231813773036
Switzerland,2020-04-12,253.3535402521823
Switzerland,2020-04-13,238.09675072744906
Switzerland,2020-04-14,227.6435499515034
Switzerland,2020-04-15,216.66100872938893
Switzerland,2020-04-16,200.16585838991273
Switzerland,2020-04-17,185.63191076624636
Switzerland,2020-04-18,169.29243452958292
Switzerland,2020-04-19,152.87681862269642
Switzerland,2020-04-20,138.885305528613
Switzerland,2020-04-21,130.6433074684772
Switzerland,2020-04-22,120.89864209505333
Switzerland,2020-04-23,108.9427740058196
Switzerland,2020-04-24,96.42386032977691
Switzerland,2020-04-25,84.74224054316197
Switzerland,2020-04-26,71.86760426770127
Switzerland,2020-04-27,60.781280310378264
Switzerland,2020-04-28,51.78176527643065
Switzerland,2020-04-29,43.03758486905917
Switzerland,2020-04-30,33.14233753637245
Switzerland,2020-05-01,23.770853540252183
Switzerland,2020-05-02,15.863482056256062
Switzerland,2020-05-03,8.81086323957323
Switzerland,2020-05-04,3.764306498545102
Switzerland,2020-05-05,0.49757516973811833
United_Kingdom,2020-02-15,11.157371483996119
United_Kingdom,2020-02-16,13.181619786614936
United_Kingdom,2020-02-17,16.3237148399612
United_Kingdom,2020-02-18,20.37948593598448
United_Kingdom,2020-02-19,23.19738118331717
United_Kingdom,2020-02-20,27.265518913676043
United_Kingdom,2020-02-21,31.194713870029098
United_Kingdom,2020-02-22,37.73423860329777
United_Kingdom,2020-02-23,47.21677982541222
United_Kingdom,2020-02-24,54.75557710960233
United_Kingdom,2020-02-25,65.30916585838992
United_Kingdom,2020-02-26,73.89354995150339
United_Kingdom,2020-02-27,87.89936954413191
United_Kingdom,2020-02-28,103.639185257032
United_Kingdom,2020-02-29,120.49175557710961
United_Kingdom,2020-03-01,144.2189621726479
United_Kingdom,2020-03-02,168.22259941804074
United_Kingdom,2020-03-03,201.39451988360815
United_Kingdom,2020-03-04,235.73448108632397
United_Kingdom,2020-03-05,275.69519883608143
United_Kingdom,2020-03-06,324.2623666343356
United_Kingdom,2020-03-07,386.221629485936
United_Kingdom,2020-03-08,456.63191076624634
United_Kingdom,2020-03-09,535.6808923375363
United_Kingdom,2020-03-10,634.0252182347235
United_Kingdom,2020-03-11,735.1653734238603
United_Kingdom,2020-03-12,849.3496605237633
United_Kingdom,2020-03-13,977.4398642095053
United_Kingdom,2020-03-14,1118.810620756547
United_Kingdom,2020-03-15,1283.1517943743938
United_Kingdom,2020-03-16,1464.9139185257031
United_Kingdom,2020-03-17,1652.1697381183317
United_Kingdom,2020-03-18,1856.836323957323
United_Kingdom,2020-03-19,2064.122696411251
United_Kingdom,2020-03-20,2284.6658583899125
United_Kingdom,2020-03-21,2497.29388942774
United_Kingdom,2020-03-22,2739.55916585839
United_Kingdom,2020-03-23,2994.4568380213386
United_Kingdom,2020-03-24,3225.2742483026186
United_Kingdom,2020-03-25,3444.9694471387
United_Kingdom,2020-03-26,3631.935499515034
United_Kingdom,2020-03-27,3801.7953443258966
United_Kingdom,2020-03-28,3944.3790009699323
United_Kingdom,2020-03-29,4094.0744422890402
United_Kingdom,2020-03-30,4240.159553831232
United_Kingdom,2020-03-31,4382.326867119302
United_Kingdom,2020-04-01,4487.006789524733
United_Kingdom,2020-04-02,4535.210232783706
United_Kingdom,2020-04-03,4595.1590688651795
United_Kingdom,2020-04-04,4654.752909796314
United_Kingdom,2020-04-05,4700.081474296799
United_Kingdom,2020-04-06,4771.90203685742
United_Kingdom,2020-04-07,4813.9015518913675
United_Kingdom,2020-04-08,4846.093355965082
United_Kingdom,2020-04-09,4827.938166828322
United_Kingdom,2020-04-10,4816.129243452959
United_Kingdom,2020-04-11,4745.160523763336
United_Kingdom,2020-04-12,4686.5548011639185
United_Kingdom,2020-04-13,4635.66537342386
United_Kingdom,2020-04-14,4590.876818622697
United_Kingdom,2020-04-15,4513.700775945684
United_Kingdom,2020-04-16,4440.6624636275465
United_Kingdom,2020-04-17,4352.181619786615
United_Kingdom,2020-04-18,4229.9241028128035
United_Kingdom,2020-04-19,4075.4801163918523
United_Kingdom,2020-04-20,3960.5792919495634
United_Kingdom,2020-04-21,3831.5729873908826
United_Kingdom,2020-04-22,3693.6990785645003
United_Kingdom,2020-04-23,3516.736905916586
United_Kingdom,2020-04-24,3305.957322987391
United_Kingdom,2020-04-25,3065.6071774975753
United_Kingdom,2020-04-26,2767.1023278370512
United_Kingdom,2020-04-27,2423.761639185257
United_Kingdom,2020-04-28,2101.6590688651795
United_Kingdom,2020-04-29,1783.7560620756547
United_Kingdom,2020-04-30,1447.188166828322
United_Kingdom,2020-05-01,1075.8571774975753
United_Kingdom,2020-05-02,758.7179922405433
United_Kingdom,2020-05-03,443.4624151309409
United_Kingdom,2020-05-04,195.57662463627545
United_Kingdom,2020-05-05,26.08996120271581
Belarus,2020-02-15,0.18064985451018428
Belarus,2020-02-16,0.19665373423860327
Belarus,2020-02-17,0.22623666343355966
Belarus,2020-02-18,0.2490300678952473
Belarus,2020-02-19,0.36008729388942773
Belarus,2020-02-20,0.4151309408341416
Belarus,2020-02-21,0.476721629485936
Belarus,2020-02-22,0.600387972841901
Belarus,2020-02-23,0.6818622696411252
Belarus,2020-02-24,1.0019398642095054
Belarus,2020-02-25,1.2136275460717751
Belarus,2020-02-26,1.389670223084384
Belarus,2020-02-27,1.858874878758487
Belarus,2020-02-28,1.9228903976721632
Belarus,2020-02-29,2.4660523763336566
Belarus,2020-03-01,2.9258001939864213
Belarus,2020-03-02,3.5218234723569353
Belarus,2020-03-03,4.3586323957322985
Belarus,2020-03-04,4.7012609117361785
Belarus,2020-03-05,5.63894277400582
Belarus,2020-03-06,6.114209505334626
Belarus,2020-03-07,7.155189136760427
Belarus,2020-03-08,8.1639185257032
Belarus,2020-03-09,8.982541222114452
Belarus,2020-03-10,9.955383123181377
Belarus,2020-03-11,10.665615906886519
Belarus,2020-03-12,11.55819592628516
Belarus,2020-03-13,12.457322987390882
Belarus,2020-03-14,13.724539282250241
Belarus,2020-03-15,14.991028128031036
Belarus,2020-03-16,17.10935984481086
Belarus,2020-03-17,20.222599418040737
Belarus,2020-03-18,22.47356935014549
Belarus,2020-03-19,26.32541222114452
Belarus,2020-03-20,31.654219204655675
Belarus,2020-03-21,38.80310378273521
Belarus,2020-03-22,47.287342386032975
Belarus,2020-03-23,56.08899127061106
Belarus,2020-03-24,70.15518913676043
Belarus,2020-03-25,85.71338506304559
Belarus,2020-03-26,101.45756547041708
Belarus,2020-03-27,120.48617846750727
Belarus,2020-03-28,141.18380213385063
Belarus,2020-03-29,166.46847720659554
Belarus,2020-03-30,190.84384093113482
Belarus,2020-03-31,219.16876818622694
Belarus,2020-04-01,252.55989330746849
Belarus,2020-04-02,280.0853540252182
Belarus,2020-04-03,305.68719689621724
Belarus,2020-04-04,334.8528128031038
Belarus,2020-04-05,366.6580989330747
Belarus,2020-04-06,393.41488845780793
Belarus,2020-04-07,420.81280310378276
Belarus,2020-04-08,449.962657613967
Belarus,2020-04-09,474.1241513094083
Belarus,2020-04-10,491.06231813773036
Belarus,2020-04-11,508.6694956353055
Belarus,2020-04-12,536.9345295829293
Belarus,2020-04-13,562.9621726479146
Belarus,2020-04-14,588.7725509214355
Belarus,2020-04-15,616.5897187196896
Belarus,2020-04-16,637.7924345295829
Belarus,2020-04-17,657.6743452958292
Belarus,2020-04-18,675.6651309408342
Belarus,2020-04-19,688.9791464597478
Belarus,2020-04-20,702.0982056256062
Belarus,2020-04-21,706.1871968962173
Belarus,2020-04-22,703.9718719689622
Belarus,2020-04-23,687.7810378273521
Belarus,2020-04-24,659.4689621726479
Belarus,2020-04-25,619.7029582929194
Belarus,2020-04-26,564.9047041707081
Belarus,2020-04-27,497.09869059165857
Belarus,2020-04-28,429.74078564500485
Belarus,2020-04-29,360.6122696411251
Belarus,2020-04-30,286.87390882638215
Belarus,2020-05-01,212.77546071774975
Belarus,2020-05-02,149.40615906886518
Belarus,2020-05-03,87.99951503394763
Belarus,2020-05-04,38.630213385063044
Belarus,2020-05-05,5.132880698351116
