region,date,mean,median,lower_90,upper_90,lower_50,upper_50
France,2020-01-22,1.5932989427272446,1.5281073868679171,1.126591128075319,2.035412528278412,1.238124322810136,1.5865928331162995
France,2020-01-23,1.5920249103396442,1.5284368122666656,1.150402753817089,2.0485985466823906,1.2653687140583698,1.617801486702535
France,2020-01-24,1.5933661837593183,1.5322150129735133,1.1442905775063845,2.0431805429656236,1.2522500656529705,1.599052932987026
France,2020-01-25,1.5842270424320408,1.5252275208755797,1.1659450776686504,2.065870783230978,1.2494989061659791,1.5900273627865018
France,2020-01-26,1.5872602015859045,1.5236368797117221,1.1391788228417263,2.0647923259910432,1.2902536318600826,1.640433958648064
France,2020-01-27,1.5844100312591507,1.5272440131761849,1.1200828495922563,2.0564144355725995,1.28701107281112,1.6455155598284423
France,2020-01-28,1.5985625823438492,1.5448971557794202,1.1652128030758477,2.1075696280244367,1.251474479752432,1.608589968890921
France,2020-01-29,1.60329666864074,1.55049987795295,1.1231698290326646,2.0877433096680007,1.2688149136166629,1.6276795260700667
France,2020-01-30,1.5986353355594678,1.5500849794926062,1.1284682230913883,2.0617081438548808,1.293163878086857,1.6438029943444206
France,2020-01-31,1.6053053967244197,1.5525961921604072,1.1514380663816013,2.08658330777792,1.3335606381696987,1.680319993333474
France,2020-02-01,1.6140810950247,1.560237827755968,1.1547778306859522,2.1003689591590273,1.3503613011886186,1.7006248344979473
France,2020-02-02,1.6137349713397002,1.5570868959054311,1.1031134145468462,2.0422545473476412,1.3200603196246499,1.6641977606748188
France,2020-02-03,1.6215164396202326,1.564490270060726,1.126606482463258,2.0573570657987745,1.340104880050582,1.6864976482299916
France,2020-02-04,1.6300725629473698,1.5738741617421685,1.1417724900453945,2.07395064042491,1.3460223760088394,1.6936640038510409
France,2020-02-05,1.6377751647827936,1.5831822986844633,1.169996400785379,2.0998628085652093,1.3006960812898205,1.6530308381646115
France,2020-02-06,1.6324628886584422,1.5685460757875775,1.2000067842567428,2.110903036510343,1.282023338796543,1.6256425996263575
France,2020-02-07,1.6376247300125062,1.5730279663892834,1.1844284755047256,2.084192992776838,1.3096305385234535,1.653411556557348
France,2020-02-08,1.6415193090601612,1.5791257166232113,1.2203695561988228,2.1063756358643406,1.2836440133082072,1.624925856599822
France,2020-02-09,1.639275927325102,1.5830850100367582,1.180021786296837,2.064919246773562,1.3189552140713783,1.6578147814875186
France,2020-02-10,1.64245926499099,1.5883437217212448,1.1684881170265353,2.0676084966333557,1.3176560921584912,1.653472056613122
France,2020-02-11,1.6510354108557344,1.598247453288824,1.1742577544604464,2.0618988465812698,1.34012769546966,1.6834887054177181
France,2020-02-12,1.6408372665706352,1.5826450801480587,1.1896066330323,2.0657001016712018,1.3304300998312064,1.6640957794773976
France,2020-02-13,1.6546056517153898,1.5949923846771488,1.1938105553046383,2.0960817035207544,1.3089878619561999,1.6549975732418263
France,2020-02-14,1.6573431772082658,1.5970682773463947,1.2070441469768216,2.0957678335765633,1.3108938757712152,1.6570843242066893
France,2020-02-15,1.6508578528047846,1.5931828801402255,1.197232158694944,2.08893532713445,1.3628589402597784,1.7121253221540362
France,2020-02-16,1.6559669875162033,1.5999511558031814,1.1902084552559937,2.098663412242656,1.3361845684516673,1.6779273235550802
France,2020-02-17,1.65428514295602,1.5955598537647964,1.1907149092233489,2.095260130742057,1.3397967450665333,1.6791566329478167
France,2020-02-18,1.657399310043273,1.6081991818938484,1.2748283350167213,2.1403040188016664,1.3194443004220318,1.6601270420368626
France,2020-02-19,1.6572270748625262,1.6043960868768128,1.256676417084026,2.117002107735461,1.3123131753663984,1.6545356914918736
France,2020-02-20,1.6503128613989064,1.6028615816195868,1.2598034161798162,2.1055343106226565,1.3205785690792538,1.664861993807972
France,2020-02-21,1.656083150471328,1.607090517797708,1.2589285390851355,2.1093605119106353,1.3287960978966724,1.6754190029724305
France,2020-02-22,1.6526623250364803,1.604965142627135,1.2444328658280086,2.0791942797584007,1.406351385112001,1.7516777656094973
France,2020-02-23,1.637428243594111,1.5990719237321152,1.2682654156735576,2.106754044740882,1.3777753795663934,1.7143171351639677
France,2020-02-24,1.6307919873799401,1.5897175266383534,1.2266592079950003,2.0437794878600446,1.310392394205694,1.6448329458718538
France,2020-02-25,1.6293217594551677,1.5862293034978423,1.2429231785572417,2.0623524157196265,1.3603859608789501,1.6918194378753308
France,2020-02-26,1.621969976859378,1.5801285365783273,1.2082931758073303,2.004011466276647,1.3539633656426222,1.6826565816581454
France,2020-02-27,1.6159804227790093,1.5790684885190522,1.2258370906664764,2.0129641409234615,1.3208228458744191,1.646864471626462
France,2020-02-28,1.6106249081559707,1.5697799513066117,1.228660037588472,2.0055730844629416,1.35086605829849,1.6705704711123155
France,2020-02-29,1.6006913204159423,1.5630718528839282,1.239321404161199,1.9946852982061087,1.335118938867162,1.6480226686510915
France,2020-03-01,1.5870240848418984,1.5531098438665933,1.212687149712278,1.9635255577049426,1.3230282192907659,1.6309828551773868
France,2020-03-02,1.5748602878356341,1.5442530289342824,1.2218706468313254,1.951206643067957,1.3316155000481928,1.6296091647002795
France,2020-03-03,1.5637427771595147,1.5286068698273736,1.2189256575245329,1.94766879551223,1.30915273617951,1.601676649394399
France,2020-03-04,1.5450354407388982,1.5120745279073946,1.1729833727613683,1.8735801901141982,1.3042489212928585,1.5916967472217716
France,2020-03-05,1.524496938005597,1.4929059945588905,1.1745777363514687,1.8450951610869444,1.3156548498003517,1.589776266665386
France,2020-03-06,1.5105135914975663,1.481917992101454,1.1705532534518732,1.823485661049248,1.3017005428705666,1.5643727040004074
France,2020-03-07,1.4867634962156593,1.4575656453227825,1.1910233200048408,1.7971606857640803,1.2992755050695441,1.5521843126168666
France,2020-03-08,1.4671562353286598,1.4401050539072346,1.1975774807625164,1.7910011012663642,1.258384578212682,1.49808298318069
France,2020-03-09,1.4314850559039198,1.4073494605127759,1.1516274987443818,1.6882821844033113,1.2588850511425376,1.4825869498358388
France,2020-03-10,1.4206678008353153,1.39189679219681,1.1447039190634443,1.669057071667808,1.2053920409016976,1.4240224929094953
France,2020-03-11,1.4020166798900886,1.3758106382909068,1.1689633319332935,1.685218385106028,1.2173506968662415,1.4241960695485452
France,2020-03-12,1.3824783216526482,1.353444368540638,1.1488477081139423,1.6558447712531579,1.247103977694904,1.4437795717648205
France,2020-03-13,1.3649174617559612,1.3396791045570553,1.1522163508481431,1.6278234658745352,1.2032324914438912,1.390667127708835
France,2020-03-14,1.3547656976177376,1.329202153758269,1.1038149952138272,1.5733775377203105,1.1929408711791532,1.3733506953091257
France,2020-03-15,1.318397553753319,1.299012656087191,1.1104268558360877,1.5141563153962467,1.1668776550867401,1.3321654419193274
France,2020-03-16,1.2957562966496028,1.2716191799016694,1.1230476699274206,1.513775457683577,1.1796034515162022,1.3293941895336725
France,2020-03-17,1.2883616821813308,1.26632969553372,1.0843866696837512,1.456372665627282,1.1483226438740028,1.2979061516182955
France,2020-03-18,1.2438642968315532,1.2272505507417355,1.0704028027818617,1.394838307564843,1.1246589878389728,1.254754528025761
France,2020-03-19,1.2092584431745637,1.1951920855650628,1.0592116762229442,1.3470890773212232,1.0993809916752773,1.2167518326080575
France,2020-03-20,1.1877621262961064,1.1733559123063848,1.0604348778473895,1.3155412067135175,1.1052026282300391,1.2085041825825364
France,2020-03-21,1.1665568556358121,1.153027655565304,1.0492321781971778,1.2853500298546836,1.0731234268719383,1.1671831529367076
France,2020-03-22,1.122571347541493,1.1069976320450174,1.018160954965246,1.2257172858296141,1.0444567804909164,1.1232895880484493
France,2020-03-23,1.0787846489731854,1.0715460155634124,0.9955760501165112,1.1526120394399626,1.0308372814724953,1.088723493069997
France,2020-03-24,1.0358330995890566,1.0337003642166973,0.9483533623573979,1.0990098783688065,1.0096287011400786,1.0613372276969062
France,2020-03-25,1.0178978231045122,1.01633840933094,0.9528755638518884,1.088225173241141,0.9843893173193999,1.0350903799434514
France,2020-03-26,0.9826107810638914,0.9860612168562952,0.9136750763974799,1.0432159885708814,0.9720025445166683,1.0197787662139697
France,2020-03-27,0.9432875603776582,0.9500637095383659,0.868187490752004,1.0156788198554667,0.9245578741568314,0.9797493722658697
France,2020-03-28,0.9233265603610383,0.933818547381639,0.840073468532403,0.9951880349727638,0.9210664737897777,0.973425677280855
France,2020-03-29,0.9120510545379034,0.9225452361297375,0.8360144420733583,0.994170312691006,0.9043493225784474,0.9623323742495266
France,2020-03-30,0.8992484281143351,0.9099569435613122,0.8087424815470639,0.9781862964963998,0.8908983110765223,0.9552115620065913
France,2020-03-31,0.8857583335996572,0.898187775467559,0.7941650655561456,0.9752273033059744,0.8754609974550683,0.9443938526288826
France,2020-04-01,0.8702522321664437,0.8815327238037283,0.7715288761043957,0.9628229409819282,0.8699228230042477,0.9438354983811773
France,2020-04-02,0.8544130152873962,0.8662428541467215,0.7412832902467298,0.9547853976703765,0.8511761656941659,0.935109026539032
France,2020-04-03,0.8257830742561254,0.8399975022786808,0.7055466248593211,0.9463076673115721,0.8192255725587972,0.9137854603214062
France,2020-04-04,0.8151517632038968,0.8304099692593774,0.6800413559236373,0.9323074977106018,0.8112610261742323,0.914266425190806
France,2020-04-05,0.8062609726007837,0.8247521240772243,0.6661107044911962,0.9346365350941891,0.8032886181181915,0.9075517145634872
France,2020-04-06,0.7853335912873126,0.8030952768285194,0.6354130416987238,0.9334011648145334,0.7858818729244874,0.8966535355558233
France,2020-04-07,0.779596770872718,0.7986080066575316,0.6346020623381553,0.9347776397044124,0.7573639225125233,0.8740527384102817
France,2020-04-08,0.7703602532408887,0.787812633771283,0.6036080163026556,0.9082007495639022,0.7522386847280839,0.8723151761026489
France,2020-04-09,0.7599546834992993,0.777540709913057,0.6015859031934816,0.9277678736041569,0.7449549403101434,0.8767705891173766
France,2020-04-10,0.7621027978737211,0.7790373156423477,0.5848875415575862,0.9054481245832051,0.7490727096505795,0.8758311880625802
France,2020-04-11,0.7877337145548218,0.8042894448324037,0.6420727886679568,0.9339042756104519,0.7563862657506542,0.8706203582932169
France,2020-04-12,0.7939208897915745,0.8126329330848908,0.6389944610039642,0.930669796811615,0.77047859586026,0.881517239267503
France,2020-04-13,0.786865370995411,0.8010031660141158,0.6506856719161421,0.9290620409077257,0.7510989331778326,0.8666779353549756
France,2020-04-14,0.7717600137975169,0.7876005270569767,0.618425235554426,0.9169057757428414,0.7474202758488167,0.8700787764382791
France,2020-04-15,0.7727042169145607,0.7899949471655274,0.6195676609730015,0.9230009480558913,0.7443353578904025,0.8647533377093968
France,2020-04-16,0.760956381776692,0.7778986994538524,0.5880832512912231,0.9136408897263817,0.7551769738445068,0.8797560297500775
France,2020-04-17,0.7568042492843203,0.7781547436395462,0.5804025918429326,0.9160211448140323,0.7413331493266622,0.8672228959073254
France,2020-04-18,0.7526996314147393,0.7724955566843679,0.5785666787172029,0.9209775696170925,0.7217924571525245,0.8540963704433054
France,2020-04-19,0.7579273839338648,0.7771028458179832,0.5945072887359466,0.9314553752982747,0.7452900813816375,0.875512618787734
France,2020-04-20,0.7422841725650073,0.7611454580086254,0.5697827270562523,0.9166336349749106,0.7183086646841446,0.8566805032689941
France,2020-04-21,0.729237245602353,0.748588992277187,0.5447366776196793,0.9194118164167304,0.7152875601319376,0.8590030872010102
France,2020-04-22,0.7143059450803897,0.7404963233982207,0.5159567850803841,0.9105132288257859,0.6949925969921381,0.8427458110057263
France,2020-04-23,0.7026362364122064,0.7281556951149886,0.5032099773609773,0.9035225397640045,0.7057697958510649,0.8618437595035988
France,2020-04-24,0.7029392936876928,0.7260809154233155,0.5061472114403119,0.9001263290425761,0.703033140324171,0.8561434309139828
France,2020-04-25,0.7091153402614424,0.7323203639301114,0.5136200140048992,0.9061331832580459,0.6932077587052401,0.8485457720021274
France,2020-04-26,0.7150277831848094,0.7386245305865302,0.5272736321074447,0.9023567465388813,0.693570521340387,0.8454001301433725
France,2020-04-27,0.7234100970868763,0.7506791827623223,0.541470368492229,0.9248815816047511,0.7152732058724209,0.8637663044642361
France,2020-04-28,0.7310674104640535,0.7548889661370546,0.5481462649741913,0.9160108332400819,0.7149513976033363,0.8622579617728999
France,2020-04-29,0.7458893034165491,0.7686658140248832,0.5689957057603554,0.9213149067752112,0.7351333020259374,0.8773922811706713
France,2020-04-30,0.775587563055689,0.7995705096343508,0.5952499044587417,0.9384160169495296,0.7666706093948321,0.9004721715973885
France,2020-05-01,0.8130881053486653,0.8347122369987382,0.669784811428844,0.9755791723110354,0.8071346626510181,0.9188725833444559
France,2020-05-02,0.8423084807457366,0.8627404080787017,0.6971105228380088,0.9745293542117881,0.8263795543692869,0.927756207836766
France,2020-05-03,0.8597093081253828,0.8756689017094712,0.7328308700288452,0.992586072196153,0.8386876589421026,0.9383415962576146
France,2020-05-04,0.8658684842580322,0.88162808955044,0.73300800996334,0.9877244465624845,0.8590918429302962,0.9566621514043616
France,2020-05-05,0.8718157843034097,0.8875101612790623,0.7349406003296873,0.9893272872464016,0.8701411435870994,0.9637442943794029
France,2020-05-06,0.8849104203981041,0.899233082018668,0.7608290076640937,1.0226682564263354,0.8643683932385889,0.9563846315037369
France,2020-05-07,0.8954428390849495,0.9103534159053339,0.7536315039702431,1.0175513213668026,0.8870539887152968,0.979603046034162
France,2020-05-08,0.9009611128227681,0.9161073136125604,0.7640118057531446,1.0169903102053761,0.8947802613592752,0.9837358867121523
France,2020-05-09,0.9085317059167247,0.9233481644014294,0.7756302234256185,1.0177180467955238,0.9026599648134515,0.990810790257309
France,2020-05-10,0.9129326110006504,0.9284079726014159,0.7880806641065954,1.0367190384999398,0.901040234498602,0.9854081560355348
France,2020-05-11,0.8997393852894056,0.9143098043221647,0.7774184607082177,1.027373900957657,0.89150533016838,0.9761409295868061
France,2020-05-12,0.9000588082334542,0.9132778267714461,0.7768382448315652,1.022624033567515,0.8766976472537581,0.9676087391690606
France,2020-05-13,0.893621277138449,0.9062187581448725,0.7745827011202339,1.0272608792321134,0.8845145687790491,0.9791613032056871
France,2020-05-14,0.9072595962037759,0.9217538156654276,0.7744100836275144,1.025110678159475,0.8951130962591015,0.9893311102136538
France,2020-05-15,0.9198795351175538,0.9334460419471633,0.8026826857522174,1.0384345605475824,0.8953004201553112,0.9832896312276636
France,2020-05-16,0.9315384818515843,0.9409421026454835,0.8074990476390972,1.0480335891855526,0.8996654610886015,0.9918534726695558
France,2020-05-17,0.9415614249628342,0.948481312133798,0.8186088078733094,1.072837999319305,0.907150110990141,0.9970510893114033
France,2020-05-18,0.9521424637185045,0.9575671282973464,0.8310837121659734,1.084278293877996,0.9159269157106269,1.0076487783730828
France,2020-05-19,0.968192257793969,0.9730523488536955,0.8465974486674315,1.1098403598390147,0.9346244316142835,1.0240386284567928
France,2020-05-20,0.9901578939809049,0.992090244855677,0.8699117631378492,1.109735701774309,0.9482115435426169,1.0345698230880986
France,2020-05-21,1.0162126589040923,1.0143554665583192,0.8920129183913219,1.151738960123131,0.9588583679177972,1.053035974291403
France,2020-05-22,1.0319270427270428,1.0282658027020934,0.9000248000681845,1.1494127263445977,0.9755521898564481,1.0678486793256883
France,2020-05-23,1.051383180672093,1.0449796755099192,0.9231427066644683,1.1936980451129293,0.9968011252825073,1.0906935240041344
France,2020-05-24,1.0601242642449429,1.0532366868282734,0.9247587075694681,1.1978885981091167,1.0041505194727496,1.0973223133402739
France,2020-05-25,1.0619971707293618,1.054745267750968,0.9178251907242279,1.1655115233961377,1.0030882989169185,1.089658970340754
France,2020-05-26,1.065757423981762,1.055722455716163,0.9580669393038808,1.2013059626347733,1.0053351588922192,1.0875397365941135
France,2020-05-27,1.058354241325422,1.0495451651121646,0.947184485149368,1.1743167694298897,0.9889200059025748,1.0713102884815078
France,2020-05-28,1.0446455776117471,1.0367005600643342,0.9346046522866222,1.1624131826680606,0.9936366286698388,1.0721150514004743
France,2020-05-29,1.0336587565120094,1.0274389868237508,0.9234324533814303,1.1340877257762507,0.9755274602894322,1.0473443998812275
France,2020-05-30,1.017244878855723,1.0151379288531774,0.9165162628663692,1.1140455548454433,0.9753684332253304,1.0438511971011653
France,2020-05-31,1.0208737436453716,1.0179617062891346,0.9233028476366684,1.1398118055494135,0.9742547146629807,1.0477635391297995
France,2020-06-01,1.0067175782207747,1.0054547101367028,0.9111154864946931,1.1268394734183635,0.9668751965979656,1.0365530418943567
France,2020-06-02,1.0044455854719767,1.0043597519106002,0.8785939837286277,1.1072459040028348,0.9539874795360367,1.0317172762622209
France,2020-06-03,0.9927603915474901,0.9940149239938861,0.8854843725893302,1.117707671773733,0.9640454150887732,1.0405401834636063
France,2020-06-04,0.9893725343403269,0.9899457495981726,0.8763512237972058,1.1067091075660858,0.9488714142780018,1.0249617607940735
France,2020-06-05,0.9778862677741051,0.981342027421308,0.8664067307935391,1.094288170667242,0.9537429080453218,1.0314228139024728
France,2020-06-06,0.9791510075895263,0.982246434302682,0.8790222948372493,1.092361676959052,0.9525471949687299,1.026921443235097
France,2020-06-07,0.9838265263094489,0.9848889362765206,0.8755762078233809,1.0847932475837978,0.9497774447437003,1.0224791254808294
France,2020-06-08,0.9740459407505407,0.9785600262759923,0.8491738644017518,1.0835807010150014,0.9378173333421075,1.018376257556982
France,2020-06-09,0.96715170329548,0.9723669300876752,0.8478652127173241,1.0834016771031858,0.9374434789379322,1.0176671220011353
France,2020-06-10,0.9591257342393016,0.9661687074163661,0.8561584490067429,1.0794733973669457,0.9366537903179144,1.012889426633338
France,2020-06-11,0.9502093436534551,0.9584615512250737,0.8286321627663905,1.0742177942792046,0.9206589037832943,1.0052785829735362
France,2020-06-12,0.9538077459584324,0.959851618781286,0.8335823720886195,1.0709251672355633,0.930621316250988,1.011893152390093
France,2020-06-13,0.9552112771609554,0.9639644429260739,0.8420016262726004,1.0703667067022908,0.9322967256076049,1.0111595392477246
France,2020-06-14,0.9541737186974203,0.961398328681308,0.8419814997206412,1.0772992391050615,0.9224092772499862,1.0016260945031177
France,2020-06-15,0.9622499911000124,0.9672321169208387,0.8268318654964801,1.0776446427624962,0.9314269080125934,1.0074088651871034
France,2020-06-16,0.9635221693485082,0.9699897217476899,0.8475078206274711,1.0991047704756296,0.9432813160420519,1.0246532408708864
France,2020-06-17,0.9727502799236539,0.9779048519252442,0.8642320788828416,1.113862808984467,0.9376513404498905,1.0225427753748837
France,2020-06-18,0.9932834729884565,0.9944885359058886,0.8665787462893492,1.1200537030404976,0.9517191112514372,1.0388339813019372
France,2020-06-19,1.007465926016132,1.0085070302108217,0.8951420251254393,1.1293294540705687,0.9653729394572642,1.0495914067716015
France,2020-06-20,1.0226206414577201,1.0215208729166734,0.9012913468542391,1.15994163349693,0.9690414614596079,1.0602218801604961
France,2020-06-21,1.033664279488784,1.0301362622885655,0.8960154695129593,1.1477948823747575,0.9830552529821431,1.0734977652902784
France,2020-06-22,1.0305751204298335,1.0255111472461336,0.9101788399204092,1.1699602641881177,0.9772807824747313,1.0684859815990146
France,2020-06-23,1.0336566000614302,1.0257818498977156,0.9059416541723841,1.1694185772398566,0.976563735924063,1.0639166830523563
France,2020-06-24,1.0361825175138883,1.0287155627371547,0.9004356154935311,1.1806418341773846,0.9737778176578672,1.0662525284464612
France,2020-06-25,0.9976872395526387,0.9983888764768214,0.8391205813269644,1.1317556082819953,0.9538950587532206,1.0457521132975516
France,2020-06-26,0.9686126931877641,0.9771701508397153,0.808903759148347,1.118157496437594,0.9304025164847715,1.037231018433498
France,2020-06-27,0.9350760912282284,0.9460174892435614,0.7614891686017826,1.0912760695202233,0.9070624184295535,1.0279123869027833
France,2020-06-28,0.899233482370877,0.917525405649135,0.7149782096996289,1.0599642315166105,0.8782836022988453,1.0006989892281657
France,2020-06-29,0.8336532538945282,0.863850003913895,0.6032171689968484,1.0223835404121389,0.8176247910990251,0.9626391577600711
France,2020-06-30,0.7715376498903544,0.8072784343480393,0.5185977092754891,0.9859203100473051,0.7825182399637463,0.9516541266236541
France,2020-07-01,0.7283337145578603,0.7742157397188616,0.4572873844022095,0.981923543686645,0.7245093933751487,0.9175766140711425
France,2020-07-02,0.7064606956270628,0.7528397544077083,0.408998616823395,0.9767983924233363,0.7104008047676833,0.9132412756671612
France,2020-07-03,0.6931724464405188,0.7450150704790168,0.3678285375439563,0.9805490316348873,0.7018250131530068,0.9104441543169488
France,2020-07-04,0.6932207363818904,0.7519376827423323,0.37012926729307416,0.9953139430848069,0.7045123686549359,0.9217596046882148
France,2020-07-05,0.694726411557452,0.7553261743591799,0.3597942863595196,1.000321806489912,0.6865337123511631,0.9100741072920708
France,2020-07-06,0.6967438665498095,0.7543235298460199,0.35002923597760227,0.9953937744272392,0.6853728352140476,0.9080054015583757
Italy,2020-01-12,1.6167156976486785,1.574477350471007,1.149811558981068,2.058091307408274,1.2600735920521022,1.6485645106723466
Italy,2020-01-13,1.6177314740914737,1.5819346712920397,1.1470289615263758,2.0508805206054954,1.3054447407739214,1.706659636733494
Italy,2020-01-14,1.6184274148767648,1.5850603725635595,1.169957897971782,2.079940320213903,1.3106277487422082,1.7133332110582442
Italy,2020-01-15,1.628791727283502,1.5942593859661853,1.1465785538433189,2.08091738736776,1.3195380163236081,1.7256822613377636
Italy,2020-01-16,1.6473534763368183,1.6180266426651435,1.1521714066439666,2.072830706360766,1.3268710946035638,1.7267254553677585
Italy,2020-01-17,1.6488456634409876,1.6172074700936636,1.1664063921328456,2.0980084456952977,1.3712684643202253,1.7708557051130112
Italy,2020-01-18,1.6496493563726309,1.6192406523916627,1.1578766549412587,2.077994184394621,1.2669787351311008,1.6696217566454763
Italy,2020-01-19,1.6598593183481385,1.6301013771815045,1.177986188659078,2.112490432341777,1.3697498571299664,1.7780090630372485
Italy,2020-01-20,1.6532659524330786,1.6147379158703186,1.189954704896998,2.1241834769391517,1.2621049411389542,1.6699943813916707
Italy,2020-01-21,1.652374391816555,1.608905063594325,1.1639403574674247,2.101450622759147,1.2455019651589714,1.651207148445207
Italy,2020-01-22,1.6719579046787882,1.6243851135244691,1.1820721239214613,2.142212909159629,1.2765753768726573,1.688740808688444
Italy,2020-01-23,1.6489934556011652,1.605663301108024,1.1764292396354277,2.0911227212914785,1.3731328367287656,1.759492907982717
Italy,2020-01-24,1.6271565333113511,1.5907164345122784,1.201664293731884,2.0534258606869407,1.3372366156471216,1.6905487350520136
Italy,2020-01-25,1.6222709253063259,1.5854941650974914,1.1665352851685504,2.0127758086483793,1.3441254483966105,1.6953459516070397
Italy,2020-01-26,1.6301248493369573,1.5877121779249945,1.1914814645373033,2.052291342719455,1.334905874839544,1.6866935159368837
Italy,2020-01-27,1.6243878904061186,1.582443365058773,1.1782177957657392,2.028062882853183,1.3410979836135875,1.6842195931101613
Italy,2020-01-28,1.6230159853126445,1.5793318503517026,1.1976644055719343,2.0206805588957146,1.3525977663965292,1.6916332017191649
Italy,2020-01-29,1.62346191048007,1.585221276651861,1.1985695800202116,2.0408890446553434,1.326718578275587,1.666217722372621
Italy,2020-01-30,1.618477879496796,1.5857106546277133,1.2176253006005557,2.0336200838680476,1.3349998686774083,1.6671676077420474
Italy,2020-01-31,1.6254704914703395,1.5950661721390509,1.2135259955914037,2.049747502779341,1.3631624048786835,1.69956931223146
Italy,2020-02-01,1.6419039891207787,1.610356182527008,1.19161396525978,2.0478363196191385,1.3764262725224565,1.7122818456646
Italy,2020-02-02,1.6389775816933108,1.6052681400047109,1.207568784153326,2.050830558861514,1.3562362670835126,1.7010765900521345
Italy,2020-02-03,1.6495965341552672,1.614346056786828,1.2159122543050107,2.068440686672716,1.421516675430766,1.7704302055086811
Italy,2020-02-04,1.6459089689619784,1.6112700330664755,1.1975019251896626,2.050925074315194,1.4159928972285585,1.7723238914739528
Italy,2020-02-05,1.6387604909082867,1.6083384605147903,1.2065921695199853,2.040028384865636,1.408437001458904,1.7435409191559232
Italy,2020-02-06,1.6404080505255323,1.6096401892610168,1.20092221750268,2.0349075466655924,1.4015758493373076,1.7323900700689654
Italy,2020-02-07,1.6392419154937283,1.6082675771154387,1.1658447848419546,2.0104589321974577,1.393825555361301,1.7156543187131772
Italy,2020-02-08,1.6479494606963565,1.6138903224546126,1.2448264879841289,2.0955123525283788,1.3730027373590443,1.7001623800875874
Italy,2020-02-09,1.6554861043441462,1.618340838110702,1.2023900570032906,2.053490646557294,1.378342500561407,1.7082997319623758
Italy,2020-02-10,1.6627071771624677,1.6261129069141598,1.1988332464608917,2.0683486824077546,1.3557048503979776,1.7003862445018556
Italy,2020-02-11,1.6589981163094656,1.6212780300829344,1.2527748398044773,2.106226246100974,1.4133422094573316,1.7510129682750182
Italy,2020-02-12,1.6753248769593996,1.6421034399528431,1.217358038111584,2.0721193197617955,1.4362576643680494,1.7848451705247044
Italy,2020-02-13,1.6653421198772476,1.6269837871606456,1.2275607088809926,2.075337470219008,1.4571327693471992,1.7976305919096212
Italy,2020-02-14,1.6619816642728462,1.629182617996125,1.2230357445606221,2.0621581703977196,1.3650811870738124,1.7011345359584809
Italy,2020-02-15,1.6706681167598436,1.637125243851113,1.2171679248979488,2.070304390514833,1.3820249197257597,1.7171527705045315
Italy,2020-02-16,1.6639933586380318,1.6294015742803771,1.2138767582648555,2.0571102832128965,1.3863276742992627,1.714401516206197
Italy,2020-02-17,1.6505164831221208,1.6201680791141422,1.2235580177353165,2.0611872925937327,1.3868932393980535,1.7096510463872252
Italy,2020-02-18,1.6398052479679608,1.6040417875741158,1.2519401195979443,2.0647402969182296,1.3691064758076315,1.6885608539922488
Italy,2020-02-19,1.6343469513493492,1.6001570177661613,1.2576637022004746,2.0603756083934073,1.3704721060220337,1.6809897294170262
Italy,2020-02-20,1.6113867769388475,1.5803901539210425,1.2198583614822966,1.9956607901800918,1.386070469479228,1.6776415374990281
Italy,2020-02-21,1.6084222230669356,1.573625145064544,1.21479708582297,1.9934784798718153,1.369722481863839,1.660042617964294
Italy,2020-02-22,1.6090011514594,1.5711222205150084,1.1892416806632897,1.9786575148585748,1.3837490409081104,1.6778816741511406
Italy,2020-02-23,1.583964588748581,1.554287405284689,1.2408210033446483,1.9892453185539303,1.3717546083894987,1.6604535694097986
Italy,2020-02-24,1.578605641634341,1.5500301544126247,1.2538060852682475,1.9887905393503154,1.387819374090172,1.674054258988985
Italy,2020-02-25,1.5614062018761217,1.5311990798394122,1.219499388557035,1.9405173740036439,1.3638131373552442,1.6282532603001885
Italy,2020-02-26,1.5553818184089294,1.5214013847709091,1.2090159372957507,1.920449721946221,1.345093208361209,1.617247452394979
Italy,2020-02-27,1.5428245478375444,1.5040049409293632,1.2141736256643392,1.9162074681642616,1.2865802630389995,1.5488361747735617
Italy,2020-02-28,1.5227329729157588,1.4844564274001213,1.2010016821122955,1.8741518989921466,1.2935334760378818,1.5407610356092518
Italy,2020-02-29,1.5108687131385905,1.4760644101295486,1.1693513970258635,1.8285615423891861,1.2974974758012414,1.5391022082305992
Italy,2020-03-01,1.4756397318565915,1.4430994911036767,1.1643958855913428,1.769587325908119,1.2722219439120197,1.5015183474909732
Italy,2020-03-02,1.4568474610084494,1.426242836513148,1.1522710163162555,1.7334187916097745,1.2821809387971295,1.5055445532326077
Italy,2020-03-03,1.4445954687484563,1.4155060220728486,1.1397616396986545,1.7089037886168486,1.2851983715482203,1.500537895399963
Italy,2020-03-04,1.4274542799157417,1.401008737248075,1.1368134985699665,1.6815325845748803,1.2843710263563757,1.4924785481553158
Italy,2020-03-05,1.3840700940661315,1.3581944858100967,1.1293287633173157,1.6304210672702146,1.2445571947271301,1.4309330443180102
Italy,2020-03-06,1.3495378127120103,1.3276948846912129,1.114334780890739,1.5560180947244633,1.2371638110265328,1.4068107745763538
Italy,2020-03-07,1.3272047561559253,1.3113211233003135,1.1151798858113255,1.5241649694980504,1.2055104212931504,1.3607248865855759
Italy,2020-03-08,1.30480952404687,1.2867030268343007,1.1091402987058752,1.4920355139400812,1.1856371838223152,1.3327708133509735
Italy,2020-03-09,1.2845675371397212,1.2722376707995116,1.0927868830535619,1.4538456764261993,1.1900809414962188,1.3322819158157788
Italy,2020-03-10,1.2538085998721813,1.24299662210908,1.0831735928852746,1.4082241606617383,1.160140764667683,1.2873645447074895
Italy,2020-03-11,1.2255334097824278,1.211872644288986,1.081007570067563,1.3787709810089508,1.1400141850888073,1.247775735903383
Italy,2020-03-12,1.192783507426354,1.1792340416365144,1.0524217471353392,1.317137225354117,1.1155600741393983,1.2219558384043196
Italy,2020-03-13,1.1541361907882466,1.1441694490735976,1.0440605028495828,1.2513593339174438,1.0834346935989732,1.1713327012046115
Italy,2020-03-14,1.1224277565809528,1.1128069399482037,1.0276111518538613,1.2033899175613365,1.0754830171587064,1.1475925974922243
Italy,2020-03-15,1.1036030794629166,1.0959478542508245,1.0269955146668812,1.1822172731565772,1.0454144513428327,1.1093267487973952
Italy,2020-03-16,1.066921582273916,1.060139058854854,1.0066030847912213,1.1345622852245656,1.029632833788186,1.080266144042168
Italy,2020-03-17,1.0386188852876581,1.0328662793881676,0.9819643053120389,1.1033732917466061,1.00661959141674,1.0480297750756609
Italy,2020-03-18,0.9974259905022472,0.9980900100035955,0.919657377357235,1.0528443860706096,0.9742911064139712,1.0195295766944488
Italy,2020-03-19,0.9586870699018529,0.9618373492100077,0.8931839489224722,1.0122019463685643,0.9443955504372687,0.9886869492466512
Italy,2020-03-20,0.945011359987514,0.950239611098294,0.8789773939305281,1.0075548319022538,0.933891826894849,0.9795586215204266
Italy,2020-03-21,0.9271218148809917,0.935823766772257,0.8613642443694778,0.9930019074380063,0.9258837621183799,0.9740539216401647
Italy,2020-03-22,0.9250371693066268,0.9314029193622017,0.8623963717974056,0.9914197949310433,0.9164814255958244,0.9669058977688418
Italy,2020-03-23,0.9254253973222749,0.9308918511095681,0.859958377002663,0.9898065408582002,0.910042087634239,0.9583076602988018
Italy,2020-03-24,0.9158632324094961,0.9243535568261299,0.8465009998700856,0.9842413927135201,0.9071742386621215,0.958975343232358
Italy,2020-03-25,0.8971161311112655,0.9063527732884855,0.8197147629724036,0.9778236526618823,0.8931448766727351,0.9526044004802369
Italy,2020-03-26,0.8916752152475688,0.9007036382989468,0.8157283211483709,0.9722715174542266,0.8913000430491292,0.9520534397128533
Italy,2020-03-27,0.8909601007823306,0.9000934792738275,0.8169011065932286,0.973221951627342,0.8751600917050153,0.9369961643578324
Italy,2020-03-28,0.8956985073522201,0.9053448900864172,0.8250677872783467,0.9775439619133031,0.8845394365902601,0.9446086142172494
Italy,2020-03-29,0.9002172228335013,0.9091724637253997,0.8276049413828518,0.9750933495982398,0.8909254778383506,0.9509566311094094
Italy,2020-03-30,0.9107510692493385,0.9189855618394355,0.8347296653447464,0.9759630095513104,0.8982579590321629,0.9529321684399393
Italy,2020-03-31,0.9123022938446459,0.920764008281391,0.838346990814163,0.9798501456145539,0.9048014299853974,0.957557620721148
Italy,2020-04-01,0.9081395327866867,0.9174462543559285,0.8359282833938915,0.9804546065294527,0.9021745154735727,0.9551945814357139
Italy,2020-04-02,0.9059133570362173,0.9152750933165428,0.8347779222326657,0.9755540587469297,0.9055693602761463,0.9605546173502625
Italy,2020-04-03,0.9037024584235654,0.9120502868289679,0.8308518493435935,0.9740863444023359,0.8919592492749319,0.9451091435648726
Italy,2020-04-04,0.905060487389808,0.9131616833418439,0.8325475873642666,0.9805921939918811,0.899293899593748,0.9564320391456986
Italy,2020-04-05,0.90267399335255,0.9123616512177584,0.8233800603775449,0.9801758301842479,0.898330499621505,0.9624330661847784
Italy,2020-04-06,0.9163120619531953,0.926103158168423,0.8422990839723314,0.9898476916551356,0.9142335987368274,0.9701142191260174
Italy,2020-04-07,0.9088350859596591,0.9164650933001883,0.8396881399378,0.989134057224902,0.8974098178638013,0.9571766016750313
Italy,2020-04-08,0.9004167845345987,0.9077335937545754,0.8259585605615358,0.9874336185756284,0.8890360116654058,0.9529187682513375
Italy,2020-04-09,0.8808377063940135,0.8887652543429524,0.7996120536746528,0.9720956183194984,0.8680887829957376,0.9378662128148261
Italy,2020-04-10,0.8696337030459145,0.8784530720528168,0.7757858451194939,0.9632746952763682,0.8548093307477806,0.9294683916986707
Italy,2020-04-11,0.8725766320407807,0.881305225431379,0.7841624419601545,0.968135598273995,0.8594917408765187,0.9313177791737306
Italy,2020-04-12,0.8745203677000287,0.8838706373229865,0.7834233744171649,0.9677723833134749,0.8579178356998646,0.9305482864898015
Italy,2020-04-13,0.8730295058173408,0.8876576787039144,0.7799348292907422,0.9719770196001879,0.8656085644174241,0.9401127267416748
Italy,2020-04-14,0.8584941138182101,0.8708896263277922,0.7646600857388047,0.969452390283706,0.8515100262902663,0.933040744321646
Italy,2020-04-15,0.8448337007591261,0.8552395305750392,0.7385459855132495,0.9686560996687875,0.8193933650329452,0.909427355203351
Italy,2020-04-16,0.8406091828028723,0.8503348564623423,0.7369040094346018,0.951789176063066,0.8145924482440512,0.9035164959905543
Italy,2020-04-17,0.8325627461583893,0.8416385983764831,0.7247325439463346,0.9491141402489391,0.815764184126986,0.9102019736135257
Italy,2020-04-18,0.8215922215802107,0.833669552383074,0.7014433921404801,0.9542039121273416,0.8073883248705305,0.9079716265736426
Italy,2020-04-19,0.8179478202978526,0.8290513395071838,0.6924365687187329,0.9386358294345276,0.7920875917651236,0.8892239911359132
Italy,2020-04-20,0.8063777177979788,0.8177353898416739,0.6686834264377095,0.9348211090200221,0.7761784941950871,0.8797296692587746
Italy,2020-04-21,0.7922734643339071,0.8029098667880522,0.641728896276563,0.9294364546500056,0.7765435370889868,0.888144125887131
Italy,2020-04-22,0.778811679612916,0.7865666816491792,0.6435241741833748,0.9444270086576017,0.7655934181822734,0.8857119259108117
Italy,2020-04-23,0.7792304161521435,0.7883749094088341,0.6302660663719444,0.9214547228147768,0.7483810010770866,0.8686397331887363
Italy,2020-04-24,0.7813543605499582,0.7957923247703693,0.6486356626508443,0.9457212647899345,0.7669178557511747,0.8823298163378224
Italy,2020-04-25,0.7857044833677774,0.7980290548436859,0.6497858408454313,0.9389974323867298,0.7666744329095307,0.8804252202803016
Italy,2020-04-26,0.7814473622266742,0.7933000501533866,0.6486878200353714,0.9496373888750806,0.7749514730745017,0.8922795097048783
Italy,2020-04-27,0.7782120944666661,0.7915362747864059,0.628986066862281,0.9330224736845687,0.7563651530176649,0.877860842258583
Italy,2020-04-28,0.7687481630263405,0.7841180347028032,0.6311974558141111,0.9397339383994685,0.73622573395379,0.8552634221630433
Italy,2020-04-29,0.76455179562929,0.7793429968751986,0.6212248162531109,0.9257016371829102,0.7343772371488797,0.8566946171160257
Italy,2020-04-30,0.7734052136384217,0.789144959392585,0.6253792756640241,0.9215734997822299,0.7408283468626801,0.8565535572005601
Italy,2020-05-01,0.766488204276283,0.7837063464384991,0.623707133167255,0.9283972120331029,0.7444716828355136,0.8600750854205589
Italy,2020-05-02,0.7688063771706215,0.7853273238689857,0.616870088547946,0.9312822651103637,0.7447361009659603,0.868842106543353
Italy,2020-05-03,0.7725025490577208,0.7889156381544415,0.6215406320638508,0.9327150679722755,0.7597642671119121,0.8824520321543786
Italy,2020-05-04,0.7780483757142532,0.7951958028437718,0.621143192023281,0.9287761714038962,0.7720443530324419,0.8945778481647912
Italy,2020-05-05,0.7836192163759764,0.8002649945807393,0.6379954651469535,0.936818328643679,0.7709254786822853,0.8866033791988063
Italy,2020-05-06,0.7920420800824652,0.8076627928827049,0.6564039224611296,0.9329106171080991,0.7776009668428303,0.8918266895549207
Italy,2020-05-07,0.7908812378048494,0.8080961930762995,0.653430036217795,0.9379518741837501,0.7608814387940265,0.8742887758260242
Italy,2020-05-08,0.7987037664482703,0.8148353909046631,0.6622917955477552,0.9397979045218915,0.7804620277703782,0.8903740097814402
Italy,2020-05-09,0.8080695980791806,0.823556871649637,0.6758092888721887,0.9484564087085028,0.793738335759023,0.901738321357911
Italy,2020-05-10,0.8183939326030888,0.8306474822740835,0.6934645312115512,0.9542930896268058,0.7869437196682567,0.8962292021071454
Italy,2020-05-11,0.8280713785636933,0.8401913763779021,0.6925202361261746,0.9733265472172473,0.8053326134066714,0.9151422419554631
Italy,2020-05-12,0.8288450779787706,0.8431899810789281,0.7015634483772604,0.9669127790867638,0.8160268400265898,0.9251041906040527
Italy,2020-05-13,0.8170437857588838,0.8349788519012338,0.6893461585475497,0.9550675350829335,0.8181578077311354,0.9288444128206208
Italy,2020-05-14,0.8117477440860469,0.8277154363300001,0.6829629049653296,0.952002638580943,0.7948839267767611,0.9086295281107004
Italy,2020-05-15,0.8236118914699867,0.835238414399154,0.7009735522954925,0.9760873140139181,0.7940203722625945,0.9108910131485605
Italy,2020-05-16,0.8211911868062512,0.8328828848987417,0.6898000035845991,0.9625801054883153,0.791374453375278,0.9085593825254747
Italy,2020-05-17,0.8266280849470905,0.8377342450842673,0.6871461747503865,0.9569712116810569,0.8058939215700596,0.9234286333157399
Italy,2020-05-18,0.8161578990160738,0.8299649681370395,0.6855931662568772,0.95077041645136,0.7965710912818261,0.9033428487024472
Italy,2020-05-19,0.8141633703133095,0.8299014850474996,0.6849345359405321,0.9551540369683497,0.8027040368725997,0.914796581693712
Italy,2020-05-20,0.8144065779578714,0.8305051917338281,0.6729307278082884,0.9419618102163249,0.7913493076876283,0.8933649779103529
Italy,2020-05-21,0.8165797422769547,0.8313832482540116,0.6887939725574937,0.9612977307200936,0.7919571649886676,0.8981565829471041
Italy,2020-05-22,0.830676027436801,0.8433441262310508,0.7045901423555029,0.9629702492132386,0.8087323482810546,0.910857949768708
Italy,2020-05-23,0.8365632673535108,0.8506446943612483,0.7186548696239654,0.9671448520741601,0.8297117797455429,0.9210608429710999
Italy,2020-05-24,0.8356562469610439,0.8529339410130357,0.7135336428817498,0.967728548138144,0.8263995821041545,0.9201612436645151
Italy,2020-05-25,0.8372564861610732,0.8553383496022189,0.7134677291286758,0.9660899276557235,0.8186771490338429,0.9112212380713448
Italy,2020-05-26,0.8413191904074337,0.8596998316297881,0.7313988052624724,0.9729416054008495,0.8150578550366601,0.9050618360346664
Italy,2020-05-27,0.8590497200032022,0.8763779524380716,0.7443584350287324,0.9945241983009071,0.854544054490743,0.94787731671724
Italy,2020-05-28,0.8624305560874753,0.8794693880516318,0.7293858203014494,1.0030342441573974,0.8423024096831971,0.9440717477961333
Italy,2020-05-29,0.880859862447205,0.8977436521037255,0.7582958353274425,1.0034744405276097,0.8777390560925957,0.9663353327772833
Italy,2020-05-30,0.8968198115560624,0.9089736925050569,0.7814317176865941,1.0089537738585934,0.8863241865417735,0.9722121324368939
Italy,2020-05-31,0.9000431443311259,0.9125657766677442,0.7892324685401944,1.0105724219245311,0.8800163463404485,0.9601684333924925
Italy,2020-06-01,0.9084380831840047,0.9224122981023551,0.7918797914072804,1.0181543241539794,0.8998975287026107,0.9793106340595243
Italy,2020-06-02,0.9158328746479381,0.92792414384995,0.7955850554248792,1.02003904896731,0.9028383556623691,0.9786559615613051
Italy,2020-06-03,0.9243343093272125,0.9337473897999755,0.797813749790266,1.0314282577769462,0.9125465367137185,0.9848213495522735
Italy,2020-06-04,0.9309758129003632,0.9406093737261301,0.8054993794248112,1.0381757734682717,0.9078023902552947,0.9874340265133813
Italy,2020-06-05,0.9279264080331628,0.9378707121253125,0.8050455843701163,1.041444510513496,0.9058739436914087,0.9912164615697467
Italy,2020-06-06,0.9377626438862866,0.9450417221913966,0.8100565396812985,1.0415481513223561,0.9153843078037593,0.9997151611594959
Italy,2020-06-07,0.9329790543581082,0.9412138638544897,0.8161976110222107,1.0442756106409425,0.9063659546904903,0.9872044209354891
Italy,2020-06-08,0.9306189650566566,0.9410237969936615,0.8092539443297616,1.0489416561592475,0.9077355056769174,0.9902559927511618
Italy,2020-06-09,0.9256495457261158,0.935308639667814,0.8030216096003419,1.038852719214154,0.9017953094283083,0.9834439271682419
Italy,2020-06-10,0.9205001148012476,0.9306987568997893,0.8013607969622112,1.0307428567863566,0.9009173258702279,0.9838241875247284
Italy,2020-06-11,0.9097415640822724,0.9209897375890981,0.7907125500586185,1.0310122891497764,0.8883012045886666,0.9749295267789967
Italy,2020-06-12,0.9121797565495391,0.9255084102127381,0.7867497942715396,1.029253030469502,0.9021071560233735,0.9856073580847796
Italy,2020-06-13,0.9118717178332052,0.9239504589628857,0.7910160676344866,1.02861733405859,0.8938205558229062,0.9753581917783196
Italy,2020-06-14,0.9220948992847906,0.9332527706850298,0.8002680175456419,1.046190642449823,0.9066156814739632,0.9908147772440405
Italy,2020-06-15,0.9321905526286787,0.9431793934074513,0.8065332530009744,1.0446439160217535,0.9071824736033087,0.9892489046744557
Italy,2020-06-16,0.9358407929601634,0.9440097909830718,0.8167259083857654,1.0515300794130664,0.9124695650099245,0.9934421834555359
Italy,2020-06-17,0.9288592632681453,0.9402216440809015,0.7961132838462991,1.0449808525021658,0.91145826175639,0.992763642403841
Italy,2020-06-18,0.9255316437032489,0.9396532418630457,0.7843580300277991,1.0633333001058112,0.9130747768987366,0.9990413626850723
Italy,2020-06-19,0.9315559145094862,0.9429123421056609,0.7897358760797345,1.0594590568299869,0.910862164342754,0.9994568802990235
Italy,2020-06-20,0.9310270540648522,0.9405053399385581,0.8037782166238266,1.0489420667865392,0.9103981735472252,0.9896513230089176
Italy,2020-06-21,0.9429378644795238,0.9511853714284824,0.8136435617300108,1.0699484312585759,0.9184572258867156,1.007656535967254
Italy,2020-06-22,0.9376619906277512,0.9467116606558575,0.8030695146277527,1.061039171461546,0.9111404602401053,1.0042317572876758
Italy,2020-06-23,0.9379363535989658,0.9453625603440412,0.803191123749966,1.0742772198454404,0.9141433891434674,1.0151052431162635
Italy,2020-06-24,0.9372999939549888,0.9447550309111468,0.8036607289396489,1.078688178692478,0.9073419258078455,1.0081523818465632
Italy,2020-06-25,0.9396803367713816,0.946523910961294,0.7976949710656381,1.083720932887819,0.8917384741275749,1.001252197859765
Italy,2020-06-26,0.9468358769829504,0.9539307914928876,0.7978063439606939,1.08538882981225,0.896743413755271,1.0037074343553685
Italy,2020-06-27,0.946999567692696,0.9540101405803921,0.7866716873890585,1.0917270050315855,0.8960179135139124,1.0060056417229402
Italy,2020-06-28,0.9540567382204906,0.9592794664787521,0.7920905331660676,1.110507408934746,0.8995085069967909,1.0118581323489289
Italy,2020-06-29,0.9627772853727912,0.9697127385592978,0.7977351978996094,1.1346182354473175,0.8943243401365897,1.0141694645402184
Italy,2020-06-30,0.9571977492039453,0.9655490704151586,0.7733352509517362,1.126852422681308,0.892534739657844,1.016720207590206
Italy,2020-07-01,0.9374617729643915,0.9520346118354304,0.738397842979919,1.1303074499386283,0.9031640508452722,1.0410313047396627
Italy,2020-07-02,0.9401049730504996,0.9557645716099378,0.7102293976595655,1.1341114773611607,0.9022045603849493,1.0387462825344809
Italy,2020-07-03,0.9389521648909772,0.9539848024738944,0.7110482596785861,1.136161434915327,0.8912143260339943,1.0296306057297187
Italy,2020-07-04,0.9352991448817868,0.9475580637644173,0.708858341002319,1.1394945801921326,0.8889202322499177,1.0323672959283878
Italy,2020-07-05,0.9337199176570229,0.9420015702686145,0.6964170685397961,1.1370821263316082,0.859066168537429,1.0054668546430257
Italy,2020-07-06,0.9366287806907372,0.939331385981256,0.6676458322149169,1.150980642587605,0.854175705137538,1.0128072021873462
Poland,2020-02-16,1.3841547617344316,1.3345757777021756,1.0571740775541842,1.7221232912564384,1.1388838557259453,1.3849550806212976
Poland,2020-02-17,1.3825026966040228,1.333554448030253,1.0494277166527848,1.704392230841015,1.1714954729805578,1.4065727203216665
Poland,2020-02-18,1.383667255971308,1.3315821974141555,1.0671650989790342,1.731539890085352,1.1388933949586555,1.3769811039938922
Poland,2020-02-19,1.3854308086601883,1.338414016455335,1.064116946783222,1.7128928583888978,1.1756705017602835,1.4099337102489449
Poland,2020-02-20,1.3928690438599471,1.3400052236116728,1.068902485120905,1.727747858802139,1.1912412465885929,1.42944015896125
Poland,2020-02-21,1.3923932233337888,1.3394377251203655,1.0671160966903241,1.7105727190979787,1.1745891351571276,1.4125343529519112
Poland,2020-02-22,1.3920217836022246,1.3424558569519067,1.075129157319994,1.7107733725600232,1.1575573356069997,1.4010014165862403
Poland,2020-02-23,1.388700255479799,1.3402849709618865,1.07572572808804,1.7044383811592319,1.1527788691751555,1.3932988335564507
Poland,2020-02-24,1.3880974878491272,1.338686197825483,1.0895380052584944,1.7204553455753988,1.1554525925269128,1.3900294563221023
Poland,2020-02-25,1.3872700736753831,1.3381592178775397,1.0739864270923631,1.705058800613352,1.1958065659008354,1.4261580974872174
Poland,2020-02-26,1.3894489789061,1.3420938160110647,1.0995515586258051,1.721753497834929,1.1631803946438277,1.3904228611328522
Poland,2020-02-27,1.3874315329129578,1.3401176625426086,1.0839385754045614,1.7047168401175934,1.1546732166675011,1.3844287777356097
Poland,2020-02-28,1.3901137396681644,1.3472707940194648,1.0993260697145062,1.726877184846306,1.1823341000748389,1.4072843736557714
Poland,2020-02-29,1.3868377641427203,1.3437429386087043,1.0988101479203787,1.7280037968604005,1.189178635591666,1.413384094808428
Poland,2020-03-01,1.3854696765780985,1.3424081960803265,1.1052447119737674,1.7330206008894211,1.1613481977138305,1.385536230600712
Poland,2020-03-02,1.3864830244387518,1.3431478127580454,1.0975097323741059,1.722783232761075,1.1622610090594871,1.3846460061348789
Poland,2020-03-03,1.3843974813896296,1.33998183431229,1.079912335534968,1.6886762264888096,1.1876800800585343,1.4068538399168473
Poland,2020-03-04,1.38460540862853,1.3415402264766816,1.0862874731419212,1.6906463519570147,1.18474766875618,1.4087804453616273
Poland,2020-03-05,1.381759321465875,1.34361008218629,1.0808838739411222,1.6712775747991522,1.187780262160909,1.4052013539434862
Poland,2020-03-06,1.3798642005386528,1.3408239687886667,1.0951015712009906,1.675539382246048,1.1894400371845983,1.402202931398689
Poland,2020-03-07,1.37380135077232,1.3346959017854196,1.1032138955257256,1.6663688812868243,1.186135465988956,1.397123467460934
Poland,2020-03-08,1.370091164847671,1.3355390089166916,1.092567536221498,1.6435503663387976,1.1766279292207205,1.3892156958957562
Poland,2020-03-09,1.3655510477186026,1.3258565965890288,1.0994837613633726,1.6497722896540974,1.1826874507359912,1.3902829088740098
Poland,2020-03-10,1.3605614680418912,1.3217442748671226,1.0884694404004862,1.627511854991263,1.1762745241125456,1.3792550205307321
Poland,2020-03-11,1.353519755955397,1.3161675760652378,1.0920572443316592,1.6178910619923546,1.1670575799157197,1.3673925977685735
Poland,2020-03-12,1.3444850596858562,1.3065462674762487,1.0836902628737106,1.588586776827606,1.163224351728798,1.356504573219912
Poland,2020-03-13,1.3367724645451633,1.3021189629135281,1.0844351133631198,1.5869590099069493,1.1604399840345054,1.3494803240286553
Poland,2020-03-14,1.3296794814029635,1.2962945889128785,1.0775554069422646,1.5604458580968228,1.1481490412273825,1.329239803532841
Poland,2020-03-15,1.3194203583566182,1.2867319314711758,1.0788912642252775,1.5493922907170676,1.1463689846775615,1.3242658013503643
Poland,2020-03-16,1.3077556321758401,1.2765372980547067,1.0839534475398727,1.5375588011779355,1.1696730677141935,1.3449764359813074
Poland,2020-03-17,1.2976094762381607,1.2663675692811602,1.0782778360774834,1.5224034009744902,1.1310175727583471,1.2955562312628137
Poland,2020-03-18,1.285705531079336,1.2590141809737498,1.0806642656822865,1.4958202464395225,1.133507708581511,1.2936193686542938
Poland,2020-03-19,1.27399008127472,1.2480945823115164,1.0696243070828146,1.4678544092857893,1.1404627434227437,1.296307013380771
Poland,2020-03-20,1.257808813233299,1.2339767207023626,1.0683159263243387,1.4344442585096955,1.1197721117754598,1.264680131072954
Poland,2020-03-21,1.2462836266001778,1.2219160807055625,1.0581375789882816,1.4211956731037536,1.126995098154225,1.269958230133894
Poland,2020-03-22,1.231280492428265,1.2087233801316528,1.0608763972995912,1.4120223544937145,1.1069274642024582,1.2454583052845187
Poland,2020-03-23,1.2162127504107054,1.1939805131131889,1.0607854800233558,1.392191255173722,1.0921875731223916,1.2217435425855439
Poland,2020-03-24,1.2041794554531284,1.1853815121617335,1.037459626698182,1.3561828459047032,1.1038886068519478,1.2273327900795776
Poland,2020-03-25,1.1909348831204793,1.1703151534498009,1.033937050702475,1.326820165093996,1.1020035529246204,1.2198808028496717
Poland,2020-03-26,1.1748279068778378,1.156485515526124,1.035368738751294,1.317843558439983,1.077175786281373,1.1854649479913606
Poland,2020-03-27,1.161059515103449,1.1433093246067179,1.0181885008359646,1.2910575557026647,1.0705135587298538,1.175470802751174
Poland,2020-03-28,1.1448708260552378,1.127463737671687,1.0153356373418485,1.2786725267341885,1.0504462621343011,1.1437178131832884
Poland,2020-03-29,1.1273047568279755,1.110322625754263,1.0048265572405877,1.260396980539098,1.0424873636477718,1.135473189146018
Poland,2020-03-30,1.106580634564652,1.0950362849970912,0.9943692094993049,1.2277868515368822,1.0309543203721825,1.1146337145076208
Poland,2020-03-31,1.085466895127771,1.0756467541792927,0.9716268511982347,1.203386160069695,1.0233763352748193,1.102697082946022
Poland,2020-04-01,1.0732559114558042,1.0656663809257632,0.9613887483643903,1.181777730040446,1.0142554605499041,1.0930334201678575
Poland,2020-04-02,1.0628253630858202,1.055284828237764,0.9586520128459766,1.1658846626956663,1.0152234034123184,1.091282059259316
Poland,2020-04-03,1.0523580896296614,1.045944681158462,0.9468368534569459,1.1619384632608378,1.0030138007380027,1.0762648285161707
Poland,2020-04-04,1.0422791153453093,1.0378013220218194,0.9302895118669906,1.1480915593005552,0.9906901498200389,1.0665658041593886
Poland,2020-04-05,1.032939100619565,1.0307120927528102,0.9288983158106247,1.1536617671779692,0.9802537464508516,1.0546251958230302
Poland,2020-04-06,1.02837578336109,1.0273443377132705,0.9281438692899061,1.1392164639988291,0.9914788209289845,1.0606135004379706
Poland,2020-04-07,1.025685643717402,1.0254330027513485,0.924666894989169,1.136044951697261,0.9866141816319833,1.0547891909207547
Poland,2020-04-08,1.020763126196752,1.0202078866691289,0.9214912478368711,1.1276862696922485,0.9863816234983899,1.0544357441964993
Poland,2020-04-09,1.0156487750187835,1.0151754586643382,0.9140966786565433,1.1197621670386857,0.9750131673181752,1.044933353740942
Poland,2020-04-10,1.0147171069743086,1.0138974002896326,0.9282635146639593,1.1243959768450156,0.9749592159512019,1.045575146048349
Poland,2020-04-11,1.0117677922280264,1.0117862995311997,0.9135480732393505,1.1172033571903532,0.9710554752430584,1.040534373875466
Poland,2020-04-12,1.0114617910767858,1.0103234517611435,0.9094297537879027,1.1107916316015634,0.9777720137164683,1.0464168661897175
Poland,2020-04-13,1.0119531702417661,1.011566341393901,0.9106701962590402,1.1061455260579078,0.9825183730600331,1.0504868013114956
Poland,2020-04-14,1.0058694907149655,1.0062124408676039,0.9109419911663338,1.1041983307746228,0.9735419263181563,1.0389925228221268
Poland,2020-04-15,1.0019158103978876,1.0029868724734223,0.9092277016103136,1.1013347055837261,0.9697878766272204,1.0356993639325187
Poland,2020-04-16,1.0011040096485357,1.00255619069791,0.9028834526447063,1.0975603178753763,0.9750435160392179,1.038080929858574
Poland,2020-04-17,0.9994117975947708,1.0001133200990338,0.902486796089221,1.0970862700431543,0.9743174385415606,1.0372637197508339
Poland,2020-04-18,1.0002525910488973,1.001299396039178,0.9117070435584947,1.0968898343752773,0.9767692269700935,1.0396919900536261
Poland,2020-04-19,0.9988230337867207,1.0008795436770015,0.9070206718379322,1.091150950544946,0.969598155688916,1.0316222464392977
Poland,2020-04-20,1.0008593558181822,1.0006617231361177,0.9084372926140841,1.0972435144531614,0.9771863505526512,1.0369125547158915
Poland,2020-04-21,1.0023882869127525,1.002142744943761,0.9027826332660864,1.0926022112177967,0.9767866772221758,1.039821846847892
Poland,2020-04-22,1.001123939469178,1.0016943485171965,0.9017729842999441,1.090403944874626,0.9710671939593045,1.0355621455362263
Poland,2020-04-23,1.00085014663301,1.0003602856694471,0.9015710166635291,1.1000549714824155,0.9734204937029949,1.0396215933760884
Poland,2020-04-24,1.002087786224409,1.002452818407184,0.8991388220879699,1.098357802371844,0.9702954128633021,1.0347036138691927
Poland,2020-04-25,1.004714192520258,1.0037926675004298,0.9056872402349994,1.1090196188793846,0.9697331572489378,1.0355862745106919
Poland,2020-04-26,1.0118173847866143,1.0092226096244064,0.9085156454983352,1.10729181686044,0.9812123843076423,1.0459286801510053
Poland,2020-04-27,1.0131324528474006,1.0101380787108452,0.9030736480562834,1.1013939601830127,0.9776340291357128,1.043321924407518
Poland,2020-04-28,1.0215199669406432,1.0168137343205124,0.9258800345750695,1.1260229701789253,0.9837030133795569,1.049107510184808
Poland,2020-04-29,1.0217058415718128,1.0191650832561494,0.9270535420616179,1.1244859482141831,0.9838548186269727,1.0512021431875418
Poland,2020-04-30,1.0261110928122052,1.0220764664292128,0.9250764314133305,1.1253215424260696,0.9758438681472461,1.0457793626333662
Poland,2020-05-01,1.0293798547795998,1.025868490818699,0.927803913570491,1.1360352507700204,0.9915593143739293,1.0572208478571272
Poland,2020-05-02,1.0314076532169785,1.028225585612606,0.9236422888553635,1.1270835277672042,0.9904583190724191,1.0573003264076002
Poland,2020-05-03,1.033961914892561,1.0290305526571168,0.9289677000825166,1.1338558522840658,0.9961979029130185,1.0598984117535686
Poland,2020-05-04,1.034071222997719,1.0274399266817893,0.9245150023036173,1.1280112444961299,0.9927308329128367,1.0595580890402858
Poland,2020-05-05,1.032289038355419,1.026278591956154,0.9438551887096626,1.1451943204392372,0.9887941537105684,1.0557055611833757
Poland,2020-05-06,1.0317294292575676,1.0259784118944184,0.9362217961310216,1.1406548822679907,0.9877949030471477,1.0562668271711586
Poland,2020-05-07,1.0295678434411162,1.0257004143367499,0.9302370894353892,1.1299950762219508,0.9933271078407615,1.059940487525746
Poland,2020-05-08,1.0289619328510682,1.024791860893147,0.9360192811995164,1.133011609130618,0.9933881535348343,1.0604943013314627
Poland,2020-05-09,1.0253684324542214,1.020404890626054,0.926481570030732,1.1147506060394528,0.9905652078391942,1.056481844366923
Poland,2020-05-10,1.0268370985206825,1.0226923834946038,0.932226817198079,1.1220972131319502,0.9868759888841269,1.0507430242503633
Poland,2020-05-11,1.0293224188800811,1.0251310476497186,0.9350395499031559,1.131085786604287,0.9893131014094261,1.0546199176203748
Poland,2020-05-12,1.028576667978931,1.025157895872014,0.9388251454882593,1.1315616043443706,0.991545928558508,1.0581917216790064
Poland,2020-05-13,1.022415908376286,1.017392121237617,0.9174398170356663,1.1156044566311447,0.9842690565361402,1.0490070506770623
Poland,2020-05-14,1.019675109206476,1.0169975449879962,0.9201181621094775,1.1093083056608872,0.9847991217330668,1.0461233503996754
Poland,2020-05-15,1.0204756845240583,1.0176377264585688,0.9321520348395489,1.1289845769145355,0.9793417453681618,1.0442404485290349
Poland,2020-05-16,1.0174093253033853,1.0139602621839567,0.9050194774351739,1.109474596594188,0.981054922424362,1.047153592944582
Poland,2020-05-17,1.017712798950292,1.015642260210673,0.9275500553828381,1.1250614838651358,0.9672484177001731,1.034108018465831
Poland,2020-05-18,1.0146914951782366,1.0152893913334735,0.917558633948312,1.1131125156372204,0.9800811801649244,1.0481996433755922
Poland,2020-05-19,1.0164250033205462,1.0134930789342587,0.914538523322298,1.113479024522547,0.9765814518093547,1.0419296110459035
Poland,2020-05-20,1.0144368118669476,1.0129670949526894,0.9189058753496577,1.1105689627014683,0.9767068522500346,1.0381657498092902
Poland,2020-05-21,1.0138841913178243,1.0119493396044628,0.9212254986311972,1.1069171428037654,0.9766736267658739,1.0362433864812577
Poland,2020-05-22,1.015473262447373,1.0131440596803478,0.9251995713669053,1.1092230420381077,0.9830914388276347,1.042877812469943
Poland,2020-05-23,1.017309557175358,1.0132728487386506,0.9266812815526577,1.111805150705641,0.9769616551992716,1.0382451109479034
Poland,2020-05-24,1.0200376233712547,1.016848367158925,0.9290165455791533,1.1219126800456192,0.9818764049976451,1.04637939327041
Poland,2020-05-25,1.0216864301401156,1.0181682355099027,0.9228579290355479,1.1177447114616468,0.981422634981811,1.0463481981904483
Poland,2020-05-26,1.017589044018231,1.014601886438958,0.9278740586805356,1.1236286260775918,0.9765204446780202,1.0432482254975477
Poland,2020-05-27,1.0154878200161082,1.0138688273687453,0.9064882785043087,1.1000368329812866,0.9770392361547974,1.03851203931859
Poland,2020-05-28,1.0144522348031833,1.0122567696035834,0.909211923817062,1.102543665231373,0.9837807138103899,1.0468311058660456
Poland,2020-05-29,1.016266061915644,1.0133227790773018,0.9274893234911393,1.1155780420225612,0.9834900156439365,1.046455571621947
Poland,2020-05-30,1.012255705499926,1.009595843916304,0.9161433118910753,1.1022709001924382,0.979073822940039,1.0379164533294651
Poland,2020-05-31,1.0086584098160765,1.0047810212719799,0.9123723243670079,1.110547934706235,0.9672638290821425,1.0286709795822968
Poland,2020-06-01,1.001354987984034,0.9990908276604802,0.9049766631706037,1.097555070151923,0.965034872699537,1.0277010811238247
Poland,2020-06-02,0.9911812213366257,0.9901096772541713,0.8995393361887314,1.0868105469410325,0.9590758265661721,1.020453223209935
Poland,2020-06-03,0.9768810067372145,0.9800349485013454,0.8870170334251452,1.0724065764122468,0.9478670156715847,1.0108260667420972
Poland,2020-06-04,0.9606340283798706,0.9671347975834779,0.8702166861630087,1.060910171464516,0.9388671850843079,1.0019103883582077
Poland,2020-06-05,0.95241746137378,0.9620953992462844,0.8636209815556641,1.0582383315599972,0.9377866211375494,1.003649612344387
Poland,2020-06-06,0.9452544760891304,0.9564912719753227,0.8467226625093653,1.0405816783791488,0.934476891662993,1.0025553886714296
Poland,2020-06-07,0.938885699991466,0.9496059753334894,0.8382984044478441,1.0390753094697691,0.9304414293546508,1.0011416066200465
Poland,2020-06-08,0.9342934107426712,0.9450845142178135,0.8328108771813388,1.030918249860054,0.9277931804453337,1.0017815083470027
Poland,2020-06-09,0.9333171003997006,0.942737112136431,0.8389799412381604,1.0396481621435458,0.9257001286883872,0.9994731078505579
Poland,2020-06-10,0.9281656865349677,0.9379051674761307,0.8226075405126261,1.0224338883399315,0.9129736751366785,0.986066484382821
Poland,2020-06-11,0.9263647223307612,0.9368597176643313,0.8228779153723853,1.0275038581060156,0.9180887829602837,0.9955352070213195
Poland,2020-06-12,0.9242975226947499,0.9352845128890799,0.8158288461094625,1.0249048970505081,0.913497903650182,0.9895044415279369
Poland,2020-06-13,0.9240568830627123,0.9366811152777571,0.8273210161372058,1.0361698468944482,0.9114681823702858,0.9894969474064095
Poland,2020-06-14,0.9272918955751414,0.9377464221432215,0.8218688400472273,1.0352278914648698,0.9019586257438553,0.9821183537689662
Poland,2020-06-15,0.9290274987234122,0.9393478027572892,0.8056402443083349,1.0247390434766144,0.9074103730275781,0.9857470592912042
Poland,2020-06-16,0.9272158287446615,0.9369232092263104,0.8137452598458518,1.0348005471961803,0.9019276494269366,0.9813740717688673
Poland,2020-06-17,0.9291051576747928,0.9388618266398436,0.8219273983876831,1.0382792617665335,0.9151150029972797,0.9928613821343232
Poland,2020-06-18,0.9303874574615207,0.9398456359429854,0.8226239197097298,1.051848426648233,0.9062474002866234,0.9860398382279806
Poland,2020-06-19,0.9342585767575764,0.9422081574013483,0.8241998612238797,1.0596693425018224,0.916544978897834,0.9983649681659628
Poland,2020-06-20,0.9397747675393054,0.9474964942240124,0.8202578943442187,1.0555229393542234,0.9179784909751978,0.9983736022657258
Poland,2020-06-21,0.9484880110942335,0.955128199664043,0.8420948396182915,1.074077968537594,0.9171903738842225,1.0001205464249032
Poland,2020-06-22,0.9506070409249838,0.9580630904351091,0.8247773047910495,1.0628162890358794,0.9282822511905536,1.011160988125266
Poland,2020-06-23,0.9501740276587428,0.9567678229878588,0.8304697051578879,1.069981860978732,0.9237445686824587,1.0067252486776102
Poland,2020-06-24,0.9550570381858104,0.9614233957796325,0.8341187065702402,1.0773966056100892,0.9232432000173227,1.0070131038360122
Poland,2020-06-25,0.9571360639724479,0.9639116312242972,0.8427956499945511,1.08212924459553,0.9226671160011393,1.006880126918291
Poland,2020-06-26,0.9609869284069658,0.96672025835588,0.82582005877579,1.0846363273019402,0.9220234915599896,1.0120000814451393
Poland,2020-06-27,0.9617162567012839,0.9695351946651987,0.8073729990901866,1.0838214577111713,0.9332865331599701,1.0240526955567206
Poland,2020-06-28,0.9647287913025125,0.9721251859433739,0.7918022661206755,1.07811231562563,0.927770585402425,1.0212331505031667
Poland,2020-06-29,0.9652397817041478,0.9719491842303288,0.8117819009772103,1.1044153797614082,0.9289216665889084,1.0291477819149102
Poland,2020-06-30,0.9661040125285568,0.9726045397497802,0.8054858159018653,1.1221529203660576,0.9193240086902136,1.026403945788996
Poland,2020-07-01,0.9671062520165795,0.9703086379566406,0.8006533299635882,1.133998369564686,0.9203341294202447,1.0357487537660854
Poland,2020-07-02,0.9653559881946654,0.9692434774503851,0.7736222006622562,1.1228122883190823,0.9114615579295234,1.0312117994120709
Poland,2020-07-03,0.9675481470319004,0.9696991152153676,0.790836461001208,1.158804962112133,0.9108647277669327,1.0365709200012854
Poland,2020-07-04,0.9677697243425304,0.9708429487001435,0.7832395368354094,1.1563314449690762,0.8968615389523558,1.023513138554734
Poland,2020-07-05,0.9630706274890287,0.9674004858132772,0.7868147718842624,1.176447332755072,0.8979812574119929,1.0310400275404208
Poland,2020-07-06,0.962167146559221,0.9660512145343452,0.7676896511101418,1.1738790270723043,0.8957058830293059,1.0315402310982626
