country,date,ML,Low_90,High_90,Low_50,High_50
Austria,2020-03-10,3.5700000000000003,1.59,5.2700000000000005,2.7,4.21
Austria,2020-03-11,3.5500000000000003,2.31,4.67,2.96,3.93
Austria,2020-03-12,3.48,2.6,4.34,3.09,3.8000000000000003
Austria,2020-03-13,3.34,2.64,4.01,3.0100000000000002,3.5700000000000003
Austria,2020-03-14,3.0300000000000002,2.42,3.56,2.7800000000000002,3.24
Austria,2020-03-15,2.86,2.34,3.31,2.65,3.04
Austria,2020-03-16,2.7,2.2600000000000002,3.1,2.5,2.84
Austria,2020-03-17,2.68,2.2800000000000002,3.02,2.49,2.79
Austria,2020-03-18,2.62,2.2600000000000002,2.92,2.44,2.71
Austria,2020-03-19,2.5100000000000002,2.2,2.79,2.36,2.6
Austria,2020-03-20,2.4,2.1,2.64,2.25,2.47
Austria,2020-03-21,2.32,2.07,2.56,2.19,2.39
Austria,2020-03-22,2.24,1.98,2.44,2.14,2.32
Austria,2020-03-23,2.14,1.9000000000000001,2.33,2.04,2.21
Austria,2020-03-24,2.08,1.8800000000000001,2.2800000000000002,1.99,2.15
Austria,2020-03-25,1.97,1.78,2.16,1.8900000000000001,2.04
Austria,2020-03-26,1.82,1.62,1.99,1.72,1.87
Austria,2020-03-27,1.62,1.43,1.79,1.55,1.69
Austria,2020-03-28,1.45,1.27,1.62,1.36,1.5
Austria,2020-03-29,1.29,1.11,1.46,1.21,1.35
Austria,2020-03-30,1.19,1.01,1.36,1.1,1.24
Austria,2020-03-31,1.06,0.86,1.22,0.98,1.12
Austria,2020-04-01,0.99,0.8,1.16,0.88,1.03
Austria,2020-04-02,0.89,0.6900000000000001,1.06,0.78,0.93
Austria,2020-04-03,0.77,0.59,0.96,0.68,0.8300000000000001
Austria,2020-04-04,0.66,0.46,0.84,0.58,0.73
Austria,2020-04-05,0.6,0.4,0.79,0.49,0.65
Austria,2020-04-06,0.59,0.36,0.77,0.49,0.65
Austria,2020-04-07,0.62,0.38,0.8,0.5,0.67
Austria,2020-04-08,0.66,0.45,0.87,0.55,0.72
Austria,2020-04-09,0.71,0.47000000000000003,0.9,0.61,0.78
Austria,2020-04-10,0.7000000000000001,0.49,0.92,0.58,0.76
Austria,2020-04-11,0.65,0.42,0.86,0.53,0.71
Austria,2020-04-12,0.6,0.35000000000000003,0.8,0.48,0.66
Austria,2020-04-13,0.53,0.28,0.74,0.43,0.61
Austria,2020-04-14,0.49,0.23,0.7000000000000001,0.36,0.55
Austria,2020-04-15,0.46,0.2,0.68,0.35000000000000003,0.54
Austria,2020-04-16,0.45,0.18,0.67,0.31,0.51
Austria,2020-04-17,0.44,0.18,0.68,0.32,0.52
Austria,2020-04-18,0.42,0.16,0.67,0.28,0.49
Austria,2020-04-19,0.39,0.11,0.63,0.26,0.47000000000000003
Austria,2020-04-20,0.37,0.09,0.62,0.23,0.45
Austria,2020-04-21,0.38,0.1,0.64,0.25,0.47000000000000003
Austria,2020-04-22,0.39,0.08,0.64,0.24,0.47000000000000003
Austria,2020-04-23,0.43,0.14,0.71,0.3,0.53
Austria,2020-04-24,0.46,0.14,0.73,0.3,0.54
Austria,2020-04-25,0.48,0.15,0.75,0.34,0.58
Austria,2020-04-26,0.5,0.19,0.79,0.37,0.61
Austria,2020-04-27,0.5,0.18,0.79,0.34,0.59
Austria,2020-04-28,0.52,0.19,0.81,0.37,0.62
Austria,2020-04-29,0.55,0.2,0.8300000000000001,0.4,0.65
Austria,2020-04-30,0.58,0.25,0.88,0.41000000000000003,0.67
Austria,2020-05-01,0.62,0.27,0.91,0.45,0.71
Austria,2020-05-02,0.66,0.31,0.9500000000000001,0.49,0.75
Belgium,2020-03-07,2.65,0.7000000000000001,4.3,1.83,3.33
Belgium,2020-03-08,2.05,0.73,3.27,1.45,2.5
Belgium,2020-03-09,1.73,0.62,2.69,1.24,2.09
Belgium,2020-03-10,1.62,0.65,2.44,1.2,1.93
Belgium,2020-03-11,1.78,0.98,2.54,1.4000000000000001,2.04
Belgium,2020-03-12,2.0300000000000002,1.29,2.66,1.68,2.24
Belgium,2020-03-13,2.32,1.68,2.87,2.07,2.5500000000000003
Belgium,2020-03-14,2.44,1.8800000000000001,2.92,2.2,2.62
Belgium,2020-03-15,2.4,1.9100000000000001,2.83,2.19,2.56
Belgium,2020-03-16,2.31,1.87,2.69,2.13,2.46
Belgium,2020-03-17,2.22,1.81,2.56,2.05,2.35
Belgium,2020-03-18,2.19,1.84,2.52,2.0100000000000002,2.29
Belgium,2020-03-19,2.2600000000000002,1.94,2.56,2.12,2.37
Belgium,2020-03-20,2.32,2.02,2.59,2.18,2.41
Belgium,2020-03-21,2.27,2.0,2.52,2.14,2.35
Belgium,2020-03-22,2.17,1.9000000000000001,2.39,2.04,2.24
Belgium,2020-03-23,2.04,1.79,2.25,1.94,2.12
Belgium,2020-03-24,2.0300000000000002,1.8,2.23,1.93,2.1
Belgium,2020-03-25,2.04,1.82,2.23,1.96,2.12
Belgium,2020-03-26,2.19,1.97,2.36,2.11,2.2600000000000002
Belgium,2020-03-27,2.29,2.1,2.46,2.22,2.36
Belgium,2020-03-28,2.25,2.06,2.4,2.18,2.31
Belgium,2020-03-29,2.04,1.87,2.19,1.95,2.08
Belgium,2020-03-30,1.78,1.61,1.92,1.71,1.83
Belgium,2020-03-31,1.52,1.35,1.6500000000000001,1.43,1.55
Belgium,2020-04-01,1.35,1.19,1.49,1.27,1.3900000000000001
Belgium,2020-04-02,1.27,1.11,1.41,1.19,1.31
Belgium,2020-04-03,1.26,1.1,1.4000000000000001,1.18,1.3
Belgium,2020-04-04,1.27,1.1,1.4000000000000001,1.19,1.31
Belgium,2020-04-05,1.24,1.07,1.37,1.16,1.28
Belgium,2020-04-06,1.1500000000000001,1.01,1.3,1.07,1.19
Belgium,2020-04-07,1.09,0.9500000000000001,1.24,1.01,1.1300000000000001
Belgium,2020-04-08,1.09,0.92,1.22,1.01,1.1300000000000001
Belgium,2020-04-09,1.1,0.96,1.25,1.02,1.1400000000000001
Belgium,2020-04-10,1.16,1.01,1.3,1.07,1.19
Belgium,2020-04-11,1.1400000000000001,0.98,1.27,1.05,1.17
Belgium,2020-04-12,1.01,0.85,1.1400000000000001,0.92,1.04
Belgium,2020-04-13,0.99,0.84,1.1300000000000001,0.9,1.02
Belgium,2020-04-14,0.9400000000000001,0.79,1.08,0.86,0.98
Belgium,2020-04-15,0.96,0.79,1.09,0.88,1.0
Belgium,2020-04-16,1.0,0.8300000000000001,1.1300000000000001,0.92,1.04
Belgium,2020-04-17,1.0,0.8300000000000001,1.1300000000000001,0.92,1.04
Belgium,2020-04-18,1.01,0.84,1.1400000000000001,0.92,1.04
Belgium,2020-04-19,0.97,0.8,1.1,0.88,1.0
Belgium,2020-04-20,0.85,0.68,0.98,0.77,0.89
Belgium,2020-04-21,0.8200000000000001,0.66,0.96,0.74,0.86
Belgium,2020-04-22,0.8200000000000001,0.67,0.97,0.74,0.86
Belgium,2020-04-23,0.8200000000000001,0.65,0.96,0.75,0.87
Belgium,2020-04-24,0.8200000000000001,0.65,0.96,0.75,0.87
Belgium,2020-04-25,0.78,0.62,0.93,0.6900000000000001,0.8200000000000001
Belgium,2020-04-26,0.74,0.56,0.88,0.64,0.77
Belgium,2020-04-27,0.64,0.47000000000000003,0.79,0.55,0.68
Belgium,2020-04-28,0.55,0.37,0.7000000000000001,0.46,0.59
Belgium,2020-04-29,0.45,0.27,0.61,0.35000000000000003,0.49
Belgium,2020-04-30,0.46,0.27,0.62,0.36,0.5
Belgium,2020-05-01,0.5,0.3,0.66,0.42,0.56
Belgium,2020-05-02,0.5700000000000001,0.38,0.74,0.46,0.61
Bulgaria,2020-04-16,2.15,0.28,3.8200000000000003,1.34,2.88
Bulgaria,2020-04-17,2.06,0.62,3.29,1.5,2.6
Bulgaria,2020-04-18,1.67,0.51,2.67,1.18,2.07
Bulgaria,2020-04-19,1.44,0.44,2.31,1.01,1.78
Bulgaria,2020-04-20,1.31,0.42,2.1,0.93,1.62
Bulgaria,2020-04-21,1.32,0.5,2.05,1.0,1.6300000000000001
Bulgaria,2020-04-22,1.46,0.6900000000000001,2.12,1.1300000000000001,1.71
Bulgaria,2020-04-23,1.6,0.89,2.2,1.3,1.83
Bulgaria,2020-04-24,1.6400000000000001,1.01,2.21,1.34,1.83
Bulgaria,2020-04-25,1.6300000000000001,1.05,2.16,1.3800000000000001,1.83
Bulgaria,2020-04-26,1.51,0.9400000000000001,1.99,1.23,1.6600000000000001
Bulgaria,2020-04-27,1.3900000000000001,0.85,1.85,1.1300000000000001,1.54
Bulgaria,2020-04-28,1.29,0.77,1.73,1.05,1.44
Bulgaria,2020-04-29,1.25,0.75,1.68,1.01,1.3900000000000001
Bulgaria,2020-04-30,1.24,0.76,1.6600000000000001,1.0,1.37
Bulgaria,2020-05-01,1.25,0.77,1.6500000000000001,1.02,1.3800000000000001
Bulgaria,2020-05-02,1.27,0.8200000000000001,1.67,1.04,1.3900000000000001
Croatia,2020-03-21,3.2800000000000002,1.22,5.0200000000000005,2.43,3.99
Croatia,2020-03-22,2.96,1.62,4.16,2.35,3.39
Croatia,2020-03-23,2.5100000000000002,1.45,3.44,2.06,2.87
Croatia,2020-03-24,2.27,1.41,3.0700000000000003,1.87,2.5500000000000003
Croatia,2020-03-25,2.09,1.31,2.7600000000000002,1.74,2.33
Croatia,2020-03-26,1.9000000000000001,1.24,2.5300000000000002,1.58,2.11
Croatia,2020-03-27,1.81,1.18,2.36,1.53,2.0100000000000002
Croatia,2020-03-28,1.71,1.1300000000000001,2.22,1.47,1.9100000000000001
Croatia,2020-03-29,1.61,1.06,2.08,1.33,1.75
Croatia,2020-03-30,1.56,1.06,2.02,1.33,1.72
Croatia,2020-03-31,1.49,1.0,1.92,1.28,1.6500000000000001
Croatia,2020-04-01,1.43,0.96,1.84,1.2,1.56
Croatia,2020-04-02,1.36,0.91,1.76,1.19,1.53
Croatia,2020-04-03,1.29,0.87,1.69,1.12,1.45
Croatia,2020-04-04,1.22,0.78,1.59,1.0,1.33
Croatia,2020-04-05,1.16,0.75,1.54,0.97,1.29
Croatia,2020-04-06,1.12,0.72,1.5,0.92,1.24
Croatia,2020-04-07,1.12,0.7000000000000001,1.48,0.97,1.28
Croatia,2020-04-08,1.1400000000000001,0.72,1.49,0.9500000000000001,1.26
Croatia,2020-04-09,1.1500000000000001,0.75,1.51,0.9500000000000001,1.26
Croatia,2020-04-10,1.17,0.77,1.52,1.0,1.3
Croatia,2020-04-11,1.16,0.76,1.5,0.97,1.27
Croatia,2020-04-12,1.1300000000000001,0.75,1.48,0.9400000000000001,1.24
Croatia,2020-04-13,1.09,0.7000000000000001,1.43,0.89,1.19
Croatia,2020-04-14,1.06,0.66,1.3900000000000001,0.91,1.2
Croatia,2020-04-15,1.02,0.66,1.3800000000000001,0.86,1.1500000000000001
Croatia,2020-04-16,0.99,0.59,1.32,0.8300000000000001,1.12
Croatia,2020-04-17,0.9500000000000001,0.56,1.29,0.75,1.05
Croatia,2020-04-18,0.91,0.53,1.26,0.71,1.01
Croatia,2020-04-19,0.88,0.49,1.23,0.7000000000000001,1.0
Croatia,2020-04-20,0.88,0.47000000000000003,1.22,0.71,1.01
Croatia,2020-04-21,0.88,0.48,1.23,0.67,0.98
Croatia,2020-04-22,0.89,0.49,1.25,0.7000000000000001,1.01
Croatia,2020-04-23,0.9,0.51,1.27,0.71,1.02
Croatia,2020-04-24,0.88,0.47000000000000003,1.24,0.7000000000000001,1.01
Croatia,2020-04-25,0.86,0.44,1.22,0.71,1.02
Croatia,2020-04-26,0.8300000000000001,0.42,1.2,0.62,0.9400000000000001
Croatia,2020-04-27,0.8,0.38,1.17,0.61,0.93
Croatia,2020-04-28,0.78,0.36,1.16,0.5700000000000001,0.9
Croatia,2020-04-29,0.78,0.36,1.17,0.58,0.91
Croatia,2020-04-30,0.79,0.37,1.19,0.61,0.9400000000000001
Croatia,2020-05-01,0.79,0.36,1.19,0.58,0.92
Croatia,2020-05-02,0.8,0.36,1.2,0.6,0.9400000000000001
Cyprus,2020-03-31,2.2800000000000002,0.24,3.97,1.3800000000000001,3.0
Cyprus,2020-04-01,2.06,0.59,3.37,1.3900000000000001,2.5500000000000003
Cyprus,2020-04-02,1.8800000000000001,0.6900000000000001,2.95,1.36,2.29
Cyprus,2020-04-03,1.6300000000000001,0.61,2.5500000000000003,1.1500000000000001,1.95
Cyprus,2020-04-04,1.41,0.51,2.24,1.01,1.72
Cyprus,2020-04-05,1.2,0.35000000000000003,1.94,0.87,1.52
Cyprus,2020-04-06,1.05,0.27,1.75,0.73,1.34
Cyprus,2020-04-07,1.05,0.29,1.71,0.68,1.27
Cyprus,2020-04-08,1.07,0.33,1.7,0.74,1.3
Cyprus,2020-04-09,1.08,0.41000000000000003,1.72,0.75,1.29
Cyprus,2020-04-10,1.08,0.39,1.6600000000000001,0.76,1.28
Cyprus,2020-04-11,1.05,0.39,1.62,0.75,1.25
Cyprus,2020-04-12,1.03,0.4,1.59,0.72,1.21
Cyprus,2020-04-13,1.01,0.4,1.56,0.75,1.22
Cyprus,2020-04-14,0.99,0.38,1.52,0.74,1.2
Cyprus,2020-04-15,0.96,0.35000000000000003,1.47,0.66,1.12
Cyprus,2020-04-16,0.93,0.34,1.44,0.65,1.1
Cyprus,2020-04-17,0.88,0.3,1.3900000000000001,0.64,1.08
Cyprus,2020-04-18,0.84,0.26,1.34,0.58,1.02
Cyprus,2020-04-19,0.8,0.24,1.31,0.53,0.97
Cyprus,2020-04-20,0.79,0.22,1.29,0.52,0.96
Cyprus,2020-04-21,0.76,0.18,1.25,0.49,0.93
Cyprus,2020-04-22,0.77,0.2,1.27,0.5,0.9400000000000001
Cyprus,2020-04-23,0.74,0.16,1.23,0.48,0.92
Cyprus,2020-04-24,0.74,0.19,1.26,0.49,0.93
Cyprus,2020-04-25,0.75,0.16,1.24,0.51,0.9500000000000001
Cyprus,2020-04-26,0.75,0.18,1.26,0.46,0.91
Cyprus,2020-04-27,0.77,0.18,1.27,0.49,0.9400000000000001
Cyprus,2020-04-28,0.78,0.2,1.29,0.5,0.9500000000000001
Cyprus,2020-04-29,0.78,0.18,1.28,0.51,0.96
Cyprus,2020-04-30,0.78,0.19,1.29,0.51,0.96
Cyprus,2020-05-01,0.79,0.2,1.3,0.52,0.97
Cyprus,2020-05-02,0.79,0.22,1.32,0.53,0.98
Czechia,2020-03-13,3.08,1.01,4.83,2.18,3.7600000000000002
Czechia,2020-03-14,2.81,1.43,4.0200000000000005,2.19,3.25
Czechia,2020-03-15,2.65,1.58,3.58,2.15,2.97
Czechia,2020-03-16,2.46,1.57,3.22,2.08,2.75
Czechia,2020-03-17,2.47,1.77,3.16,2.13,2.7
Czechia,2020-03-18,2.5100000000000002,1.87,3.0700000000000003,2.21,2.7
Czechia,2020-03-19,2.41,1.86,2.91,2.14,2.57
Czechia,2020-03-20,2.32,1.82,2.7600000000000002,2.1,2.48
Czechia,2020-03-21,2.13,1.69,2.54,1.9000000000000001,2.25
Czechia,2020-03-22,1.93,1.51,2.3000000000000003,1.73,2.05
Czechia,2020-03-23,1.82,1.43,2.17,1.6400000000000001,1.94
Czechia,2020-03-24,1.84,1.46,2.16,1.68,1.96
Czechia,2020-03-25,1.8800000000000001,1.52,2.18,1.69,1.96
Czechia,2020-03-26,1.98,1.6400000000000001,2.2600000000000002,1.82,2.07
Czechia,2020-03-27,1.93,1.62,2.2,1.81,2.04
Czechia,2020-03-28,1.82,1.52,2.07,1.69,1.9100000000000001
Czechia,2020-03-29,1.67,1.3800000000000001,1.9100000000000001,1.55,1.76
Czechia,2020-03-30,1.53,1.26,1.77,1.3900000000000001,1.6
Czechia,2020-03-31,1.43,1.17,1.67,1.31,1.51
Czechia,2020-04-01,1.41,1.16,1.6500000000000001,1.28,1.48
Czechia,2020-04-02,1.3900000000000001,1.12,1.61,1.25,1.45
Czechia,2020-04-03,1.35,1.1,1.58,1.25,1.44
Czechia,2020-04-04,1.3,1.03,1.51,1.18,1.37
Czechia,2020-04-05,1.2,0.9500000000000001,1.42,1.08,1.27
Czechia,2020-04-06,1.1300000000000001,0.89,1.36,1.01,1.2
Czechia,2020-04-07,1.11,0.87,1.34,0.99,1.18
Czechia,2020-04-08,1.08,0.8200000000000001,1.3,0.97,1.16
Czechia,2020-04-09,1.07,0.81,1.29,0.96,1.1500000000000001
Czechia,2020-04-10,1.04,0.78,1.26,0.93,1.12
Czechia,2020-04-11,0.9400000000000001,0.6900000000000001,1.17,0.85,1.04
Czechia,2020-04-12,0.85,0.59,1.08,0.71,0.91
Czechia,2020-04-13,0.77,0.5,1.0,0.64,0.84
Czechia,2020-04-14,0.73,0.45,0.96,0.58,0.79
Czechia,2020-04-15,0.74,0.46,0.98,0.61,0.8200000000000001
Czechia,2020-04-16,0.77,0.48,1.01,0.65,0.86
Czechia,2020-04-17,0.81,0.51,1.05,0.66,0.88
Czechia,2020-04-18,0.8300000000000001,0.55,1.09,0.6900000000000001,0.91
Czechia,2020-04-19,0.85,0.58,1.12,0.71,0.93
Czechia,2020-04-20,0.85,0.55,1.1,0.71,0.93
Czechia,2020-04-21,0.8300000000000001,0.54,1.09,0.71,0.93
Czechia,2020-04-22,0.81,0.51,1.07,0.65,0.88
Czechia,2020-04-23,0.78,0.49,1.05,0.63,0.86
Czechia,2020-04-24,0.74,0.43,1.0,0.6,0.8300000000000001
Czechia,2020-04-25,0.71,0.39,0.97,0.58,0.81
Czechia,2020-04-26,0.68,0.39,0.97,0.52,0.76
Czechia,2020-04-27,0.68,0.38,0.97,0.53,0.77
Czechia,2020-04-28,0.7000000000000001,0.39,0.99,0.5700000000000001,0.81
Czechia,2020-04-29,0.71,0.39,1.0,0.55,0.8
Czechia,2020-04-30,0.75,0.41000000000000003,1.03,0.59,0.84
Czechia,2020-05-01,0.78,0.46,1.08,0.63,0.88
Czechia,2020-05-02,0.8,0.46,1.09,0.67,0.92
Denmark,2020-03-09,6.37,4.73,7.8100000000000005,5.65,6.91
Denmark,2020-03-10,5.13,4.13,6.0200000000000005,4.7,5.47
Denmark,2020-03-11,4.17,3.43,4.82,3.8200000000000003,4.39
Denmark,2020-03-12,3.2800000000000002,2.68,3.81,3.0,3.46
Denmark,2020-03-13,2.56,2.05,3.0300000000000002,2.32,2.72
Denmark,2020-03-14,1.97,1.49,2.39,1.73,2.1
Denmark,2020-03-15,1.58,1.1300000000000001,1.98,1.35,1.7
Denmark,2020-03-16,1.34,0.91,1.73,1.16,1.49
Denmark,2020-03-17,1.25,0.8300000000000001,1.6300000000000001,1.03,1.36
Denmark,2020-03-18,1.25,0.8200000000000001,1.61,1.05,1.37
Denmark,2020-03-19,1.28,0.87,1.6400000000000001,1.1,1.41
Denmark,2020-03-20,1.26,0.88,1.6300000000000001,1.06,1.37
Denmark,2020-03-21,1.24,0.85,1.59,1.06,1.36
Denmark,2020-03-22,1.24,0.84,1.57,1.04,1.34
Denmark,2020-03-23,1.27,0.91,1.62,1.09,1.3800000000000001
Denmark,2020-03-24,1.33,0.96,1.6600000000000001,1.18,1.46
Denmark,2020-03-25,1.4000000000000001,1.05,1.73,1.21,1.49
Denmark,2020-03-26,1.46,1.12,1.78,1.29,1.56
Denmark,2020-03-27,1.5,1.18,1.82,1.35,1.61
Denmark,2020-03-28,1.52,1.2,1.82,1.3800000000000001,1.6300000000000001
Denmark,2020-03-29,1.54,1.23,1.83,1.41,1.6500000000000001
Denmark,2020-03-30,1.56,1.23,1.82,1.3900000000000001,1.6300000000000001
Denmark,2020-03-31,1.57,1.26,1.83,1.42,1.6500000000000001
Denmark,2020-04-01,1.61,1.31,1.86,1.48,1.7
Denmark,2020-04-02,1.6300000000000001,1.34,1.87,1.51,1.72
Denmark,2020-04-03,1.62,1.34,1.85,1.47,1.68
Denmark,2020-04-04,1.58,1.34,1.83,1.45,1.6500000000000001
Denmark,2020-04-05,1.53,1.28,1.76,1.43,1.62
Denmark,2020-04-06,1.48,1.23,1.7,1.36,1.55
Denmark,2020-04-07,1.41,1.17,1.6300000000000001,1.28,1.47
Denmark,2020-04-08,1.32,1.07,1.53,1.22,1.4000000000000001
Denmark,2020-04-09,1.21,0.98,1.43,1.11,1.29
Denmark,2020-04-10,1.1,0.88,1.33,1.0,1.18
Denmark,2020-04-11,0.99,0.74,1.2,0.9,1.08
Denmark,2020-04-12,0.91,0.68,1.1400000000000001,0.78,0.97
Denmark,2020-04-13,0.87,0.62,1.09,0.75,0.9400000000000001
Denmark,2020-04-14,0.87,0.61,1.09,0.76,0.9500000000000001
Denmark,2020-04-15,0.89,0.62,1.11,0.75,0.9500000000000001
Denmark,2020-04-16,0.91,0.65,1.1400000000000001,0.78,0.98
Denmark,2020-04-17,0.92,0.64,1.1400000000000001,0.79,0.99
Denmark,2020-04-18,0.91,0.64,1.1400000000000001,0.79,0.99
Denmark,2020-04-19,0.89,0.63,1.1300000000000001,0.77,0.97
Denmark,2020-04-20,0.89,0.61,1.12,0.79,0.99
Denmark,2020-04-21,0.9,0.62,1.1300000000000001,0.75,0.96
Denmark,2020-04-22,0.91,0.64,1.1500000000000001,0.77,0.98
Denmark,2020-04-23,0.9500000000000001,0.6900000000000001,1.2,0.81,1.02
Denmark,2020-04-24,0.9500000000000001,0.67,1.19,0.81,1.02
Denmark,2020-04-25,0.9500000000000001,0.66,1.18,0.81,1.02
Denmark,2020-04-26,0.93,0.64,1.16,0.79,1.0
Denmark,2020-04-27,0.9,0.62,1.1400000000000001,0.77,0.98
Denmark,2020-04-28,0.89,0.62,1.1400000000000001,0.76,0.97
Denmark,2020-04-29,0.89,0.63,1.1500000000000001,0.77,0.98
Denmark,2020-04-30,0.89,0.6,1.1300000000000001,0.77,0.98
Denmark,2020-05-01,0.92,0.63,1.16,0.8,1.01
Denmark,2020-05-02,0.93,0.65,1.18,0.8200000000000001,1.03
Estonia,2020-03-15,2.05,0.22,3.61,1.18,2.66
Estonia,2020-03-16,1.7,0.34,2.86,1.12,2.18
Estonia,2020-03-17,1.26,0.18,2.2,0.81,1.67
Estonia,2020-03-18,0.9,0.04,1.68,0.43,1.17
Estonia,2020-03-19,0.74,0.0,1.45,0.35000000000000003,1.01
Estonia,2020-03-20,0.62,0.0,1.3,0.3,0.9
Estonia,2020-03-21,0.63,0.0,1.27,0.24,0.8300000000000001
Estonia,2020-03-22,0.66,0.0,1.27,0.29,0.87
Estonia,2020-03-23,0.72,0.02,1.31,0.39,0.96
Estonia,2020-03-24,1.01,0.3,1.68,0.68,1.25
Estonia,2020-03-25,1.22,0.51,1.84,0.91,1.45
Estonia,2020-03-26,1.42,0.76,2.0,1.16,1.6600000000000001
Estonia,2020-03-27,1.49,0.89,2.04,1.21,1.68
Estonia,2020-03-28,1.44,0.89,1.97,1.18,1.62
Estonia,2020-03-29,1.33,0.79,1.82,1.08,1.5
Estonia,2020-03-30,1.2,0.7000000000000001,1.69,1.0,1.4000000000000001
Estonia,2020-03-31,1.11,0.59,1.56,0.9,1.29
Estonia,2020-04-01,1.16,0.67,1.61,0.9500000000000001,1.33
Estonia,2020-04-02,1.22,0.72,1.6400000000000001,1.01,1.3800000000000001
Estonia,2020-04-03,1.31,0.8300000000000001,1.72,1.09,1.45
Estonia,2020-04-04,1.31,0.85,1.71,1.09,1.44
Estonia,2020-04-05,1.26,0.8,1.6400000000000001,1.05,1.3900000000000001
Estonia,2020-04-06,1.18,0.74,1.56,0.98,1.31
Estonia,2020-04-07,1.07,0.63,1.44,0.86,1.19
Estonia,2020-04-08,1.0,0.59,1.3900000000000001,0.79,1.12
Estonia,2020-04-09,0.99,0.56,1.36,0.8300000000000001,1.1500000000000001
Estonia,2020-04-10,0.96,0.53,1.33,0.79,1.11
Estonia,2020-04-11,0.96,0.53,1.33,0.79,1.11
Estonia,2020-04-12,0.9500000000000001,0.52,1.32,0.78,1.1
Estonia,2020-04-13,0.93,0.51,1.31,0.77,1.09
Estonia,2020-04-14,0.93,0.51,1.31,0.71,1.04
Estonia,2020-04-15,0.93,0.51,1.31,0.71,1.04
Estonia,2020-04-16,0.9500000000000001,0.54,1.34,0.73,1.06
Estonia,2020-04-17,0.96,0.55,1.35,0.75,1.08
Estonia,2020-04-18,0.9500000000000001,0.55,1.35,0.74,1.07
Estonia,2020-04-19,0.93,0.49,1.3,0.72,1.05
Estonia,2020-04-20,0.89,0.46,1.27,0.68,1.01
Estonia,2020-04-21,0.86,0.45,1.26,0.66,0.99
Estonia,2020-04-22,0.84,0.41000000000000003,1.23,0.66,0.99
Estonia,2020-04-23,0.84,0.4,1.23,0.62,0.96
Estonia,2020-04-24,0.86,0.43,1.26,0.64,0.98
Estonia,2020-04-25,0.86,0.41000000000000003,1.25,0.66,1.0
Estonia,2020-04-26,0.85,0.39,1.24,0.67,1.01
Estonia,2020-04-27,0.8300000000000001,0.38,1.23,0.6,0.9500000000000001
Estonia,2020-04-28,0.81,0.35000000000000003,1.21,0.59,0.9400000000000001
Estonia,2020-04-29,0.8,0.34,1.21,0.6,0.9500000000000001
Estonia,2020-04-30,0.81,0.33,1.21,0.5700000000000001,0.93
Estonia,2020-05-01,0.81,0.36,1.24,0.59,0.9500000000000001
Estonia,2020-05-02,0.8200000000000001,0.36,1.25,0.62,0.98
Finland,2020-03-13,2.38,0.54,4.01,1.53,3.0
Finland,2020-03-14,1.83,0.5,2.99,1.21,2.25
Finland,2020-03-15,1.48,0.42,2.45,0.96,1.81
Finland,2020-03-16,1.27,0.33,2.1,0.8200000000000001,1.56
Finland,2020-03-17,1.11,0.24,1.84,0.6900000000000001,1.36
Finland,2020-03-18,1.18,0.39,1.8900000000000001,0.8,1.42
Finland,2020-03-19,1.26,0.52,1.92,0.9400000000000001,1.51
Finland,2020-03-20,1.3800000000000001,0.7000000000000001,2.0,1.07,1.6
Finland,2020-03-21,1.52,0.89,2.09,1.23,1.72
Finland,2020-03-22,1.61,1.02,2.13,1.35,1.8
Finland,2020-03-23,1.6400000000000001,1.09,2.12,1.3800000000000001,1.8
Finland,2020-03-24,1.62,1.12,2.08,1.3900000000000001,1.78
Finland,2020-03-25,1.55,1.06,1.97,1.32,1.69
Finland,2020-03-26,1.55,1.1,1.96,1.34,1.69
Finland,2020-03-27,1.46,1.04,1.86,1.3,1.6300000000000001
Finland,2020-03-28,1.43,1.02,1.81,1.24,1.56
Finland,2020-03-29,1.36,0.9400000000000001,1.71,1.17,1.48
Finland,2020-03-30,1.29,0.88,1.6300000000000001,1.12,1.42
Finland,2020-03-31,1.22,0.84,1.57,1.02,1.32
Finland,2020-04-01,1.19,0.81,1.53,1.02,1.31
Finland,2020-04-02,1.24,0.86,1.57,1.06,1.35
Finland,2020-04-03,1.32,0.9400000000000001,1.6400000000000001,1.16,1.44
Finland,2020-04-04,1.43,1.06,1.74,1.29,1.56
Finland,2020-04-05,1.49,1.1300000000000001,1.79,1.31,1.58
Finland,2020-04-06,1.52,1.2,1.83,1.35,1.61
Finland,2020-04-07,1.48,1.1400000000000001,1.76,1.32,1.57
Finland,2020-04-08,1.43,1.11,1.71,1.29,1.53
Finland,2020-04-09,1.34,1.02,1.61,1.18,1.42
Finland,2020-04-10,1.29,0.97,1.55,1.16,1.3900000000000001
Finland,2020-04-11,1.19,0.89,1.46,1.05,1.28
Finland,2020-04-12,1.12,0.8200000000000001,1.3900000000000001,0.98,1.21
Finland,2020-04-13,1.05,0.75,1.32,0.91,1.1400000000000001
Finland,2020-04-14,1.02,0.73,1.3,0.89,1.12
Finland,2020-04-15,1.01,0.6900000000000001,1.27,0.88,1.11
Finland,2020-04-16,1.05,0.74,1.32,0.88,1.12
Finland,2020-04-17,1.09,0.79,1.37,0.93,1.17
Finland,2020-04-18,1.12,0.81,1.3900000000000001,1.0,1.23
Finland,2020-04-19,1.1300000000000001,0.81,1.3900000000000001,1.0,1.23
Finland,2020-04-20,1.11,0.79,1.37,0.98,1.21
Finland,2020-04-21,1.09,0.8,1.37,0.96,1.19
Finland,2020-04-22,1.09,0.79,1.36,0.9500000000000001,1.18
Finland,2020-04-23,1.06,0.76,1.33,0.92,1.1500000000000001
Finland,2020-04-24,1.05,0.75,1.32,0.91,1.1400000000000001
Finland,2020-04-25,1.03,0.73,1.3,0.89,1.12
Finland,2020-04-26,0.98,0.68,1.25,0.84,1.07
Finland,2020-04-27,0.97,0.65,1.23,0.84,1.07
Finland,2020-04-28,0.96,0.65,1.23,0.84,1.07
Finland,2020-04-29,0.96,0.65,1.23,0.79,1.03
Finland,2020-04-30,0.96,0.66,1.24,0.79,1.03
Finland,2020-05-01,0.9500000000000001,0.62,1.21,0.79,1.03
Finland,2020-05-02,0.92,0.61,1.2,0.77,1.01
France,2020-03-02,2.47,0.56,4.13,1.59,3.1
France,2020-03-03,2.75,1.44,3.92,2.22,3.23
France,2020-03-04,3.0300000000000002,2.05,3.9,2.56,3.3200000000000003
France,2020-03-05,2.94,2.14,3.62,2.59,3.19
France,2020-03-06,3.18,2.57,3.7600000000000002,2.87,3.36
France,2020-03-07,3.12,2.6,3.59,2.9,3.3000000000000003
France,2020-03-08,3.02,2.57,3.41,2.81,3.15
France,2020-03-09,2.9,2.5300000000000002,3.25,2.74,3.0300000000000002
France,2020-03-10,2.7800000000000002,2.45,3.08,2.6,2.86
France,2020-03-11,2.69,2.4,2.96,2.5300000000000002,2.7600000000000002
France,2020-03-12,2.62,2.37,2.87,2.5100000000000002,2.71
France,2020-03-13,2.5100000000000002,2.2600000000000002,2.72,2.42,2.6
France,2020-03-14,2.45,2.22,2.64,2.34,2.5100000000000002
France,2020-03-15,2.34,2.13,2.52,2.22,2.38
France,2020-03-16,2.24,2.05,2.41,2.13,2.2800000000000002
France,2020-03-17,2.17,1.99,2.33,2.07,2.21
France,2020-03-18,2.09,1.93,2.25,2.0,2.13
France,2020-03-19,2.02,1.85,2.16,1.95,2.07
France,2020-03-20,1.9000000000000001,1.73,2.0300000000000002,1.82,1.94
France,2020-03-21,1.92,1.76,2.05,1.86,1.97
France,2020-03-22,1.9000000000000001,1.76,2.0300000000000002,1.82,1.93
France,2020-03-23,1.8900000000000001,1.76,2.02,1.81,1.92
France,2020-03-24,1.9000000000000001,1.77,2.02,1.83,1.93
France,2020-03-25,1.87,1.75,1.99,1.8,1.9000000000000001
France,2020-03-26,1.84,1.72,1.95,1.79,1.8800000000000001
France,2020-03-27,1.71,1.58,1.81,1.6400000000000001,1.73
France,2020-03-28,1.55,1.43,1.6500000000000001,1.49,1.58
France,2020-03-29,1.61,1.49,1.71,1.54,1.6300000000000001
France,2020-03-30,1.59,1.48,1.69,1.55,1.6300000000000001
France,2020-03-31,1.46,1.34,1.55,1.41,1.49
France,2020-04-01,1.3800000000000001,1.27,1.47,1.32,1.4000000000000001
France,2020-04-02,1.19,1.09,1.29,1.1300000000000001,1.21
France,2020-04-03,0.96,0.86,1.06,0.91,0.99
France,2020-04-04,0.78,0.66,0.87,0.73,0.81
France,2020-04-05,0.63,0.52,0.73,0.59,0.67
France,2020-04-06,0.68,0.56,0.78,0.61,0.7000000000000001
France,2020-04-07,0.85,0.73,0.9500000000000001,0.79,0.88
France,2020-04-08,0.9400000000000001,0.8200000000000001,1.04,0.87,0.96
France,2020-04-09,1.02,0.9,1.12,0.96,1.05
France,2020-04-10,1.0,0.88,1.1,0.93,1.02
France,2020-04-11,0.8300000000000001,0.71,0.93,0.76,0.85
France,2020-04-12,0.79,0.67,0.89,0.72,0.81
France,2020-04-13,0.75,0.62,0.85,0.6900000000000001,0.78
France,2020-04-14,0.8,0.67,0.9,0.74,0.8300000000000001
France,2020-04-15,0.74,0.61,0.84,0.68,0.77
France,2020-04-16,0.68,0.56,0.79,0.63,0.72
France,2020-04-17,0.49,0.36,0.6,0.41000000000000003,0.51
France,2020-04-18,0.31,0.17,0.42,0.24,0.34
France,2020-04-19,0.22,0.07,0.33,0.16,0.26
France,2020-04-20,0.4,0.25,0.52,0.32,0.43
France,2020-04-21,0.6,0.46,0.73,0.52,0.63
France,2020-04-22,0.8300000000000001,0.68,0.9500000000000001,0.75,0.86
France,2020-04-23,0.8200000000000001,0.67,0.9400000000000001,0.74,0.85
France,2020-04-24,0.75,0.61,0.88,0.67,0.78
France,2020-04-25,0.6,0.47000000000000003,0.74,0.53,0.64
France,2020-04-26,0.45,0.3,0.58,0.38,0.49
France,2020-04-27,0.43,0.28,0.5700000000000001,0.35000000000000003,0.47000000000000003
France,2020-04-28,0.48,0.32,0.62,0.4,0.52
France,2020-04-29,0.53,0.38,0.68,0.46,0.58
France,2020-04-30,0.62,0.44,0.75,0.54,0.66
France,2020-05-01,0.7000000000000001,0.53,0.84,0.63,0.75
France,2020-05-02,0.66,0.5,0.81,0.56,0.6900000000000001
Germany,2020-03-02,2.19,0.26,3.86,1.29,2.86
Germany,2020-03-03,2.68,1.29,3.94,2.0300000000000002,3.12
Germany,2020-03-04,3.5100000000000002,2.48,4.39,3.0500000000000003,3.83
Germany,2020-03-05,3.52,2.7600000000000002,4.22,3.15,3.75
Germany,2020-03-06,3.21,2.57,3.7600000000000002,2.95,3.43
Germany,2020-03-07,2.91,2.39,3.39,2.65,3.06
Germany,2020-03-08,2.5300000000000002,2.07,2.95,2.3000000000000003,2.66
Germany,2020-03-09,2.2800000000000002,1.8800000000000001,2.67,2.09,2.41
Germany,2020-03-10,2.38,1.99,2.71,2.2,2.49
Germany,2020-03-11,2.54,2.21,2.85,2.38,2.64
Germany,2020-03-12,2.72,2.42,2.99,2.58,2.81
Germany,2020-03-13,2.82,2.54,3.0500000000000003,2.71,2.91
Germany,2020-03-14,2.7600000000000002,2.52,2.97,2.65,2.83
Germany,2020-03-15,2.62,2.39,2.8000000000000003,2.5300000000000002,2.69
Germany,2020-03-16,2.41,2.22,2.59,2.31,2.46
Germany,2020-03-17,2.73,2.5500000000000003,2.89,2.63,2.77
Germany,2020-03-18,2.95,2.77,3.08,2.87,2.99
Germany,2020-03-19,2.97,2.84,3.11,2.9,3.0100000000000002
Germany,2020-03-20,2.77,2.63,2.88,2.69,2.79
Germany,2020-03-21,2.44,2.31,2.54,2.38,2.47
Germany,2020-03-22,1.97,1.85,2.07,1.9100000000000001,2.0
Germany,2020-03-23,1.67,1.55,1.77,1.6,1.69
Germany,2020-03-24,1.44,1.32,1.54,1.37,1.46
Germany,2020-03-25,1.51,1.4000000000000001,1.61,1.47,1.55
Germany,2020-03-26,1.55,1.43,1.6400000000000001,1.5,1.58
Germany,2020-03-27,1.52,1.42,1.62,1.47,1.55
Germany,2020-03-28,1.3800000000000001,1.27,1.47,1.32,1.4000000000000001
Germany,2020-03-29,1.27,1.16,1.36,1.21,1.29
Germany,2020-03-30,1.1500000000000001,1.04,1.24,1.09,1.17
Germany,2020-03-31,1.1500000000000001,1.04,1.24,1.09,1.17
Germany,2020-04-01,1.21,1.1,1.3,1.1500000000000001,1.23
Germany,2020-04-02,1.3,1.2,1.3900000000000001,1.23,1.31
Germany,2020-04-03,1.19,1.09,1.28,1.1300000000000001,1.21
Germany,2020-04-04,1.02,0.92,1.11,0.96,1.04
Germany,2020-04-05,0.81,0.71,0.9,0.75,0.8300000000000001
Germany,2020-04-06,0.66,0.55,0.75,0.6,0.68
Germany,2020-04-07,0.66,0.55,0.75,0.6,0.68
Germany,2020-04-08,0.73,0.61,0.8200000000000001,0.68,0.76
Germany,2020-04-09,0.78,0.67,0.88,0.73,0.81
Germany,2020-04-10,0.79,0.67,0.88,0.74,0.8200000000000001
Germany,2020-04-11,0.64,0.53,0.74,0.59,0.67
Germany,2020-04-12,0.45,0.33,0.55,0.38,0.47000000000000003
Germany,2020-04-13,0.31,0.18,0.41000000000000003,0.25,0.34
Germany,2020-04-14,0.33,0.22,0.45,0.28,0.37
Germany,2020-04-15,0.55,0.42,0.66,0.47000000000000003,0.5700000000000001
Germany,2020-04-16,0.79,0.66,0.9,0.71,0.81
Germany,2020-04-17,0.89,0.76,1.0,0.8200000000000001,0.92
Germany,2020-04-18,0.86,0.73,0.97,0.8200000000000001,0.91
Germany,2020-04-19,0.74,0.61,0.85,0.66,0.76
Germany,2020-04-20,0.63,0.51,0.75,0.55,0.65
Germany,2020-04-21,0.59,0.46,0.71,0.52,0.62
Germany,2020-04-22,0.64,0.52,0.77,0.58,0.68
Germany,2020-04-23,0.74,0.6,0.86,0.68,0.78
Germany,2020-04-24,0.75,0.61,0.87,0.6900000000000001,0.79
Germany,2020-04-25,0.66,0.53,0.79,0.61,0.71
Germany,2020-04-26,0.53,0.38,0.65,0.45,0.56
Germany,2020-04-27,0.44,0.28,0.56,0.36,0.47000000000000003
Germany,2020-04-28,0.32,0.18,0.46,0.26,0.37
Germany,2020-04-29,0.41000000000000003,0.26,0.55,0.33,0.45
Germany,2020-04-30,0.53,0.36,0.66,0.45,0.5700000000000001
Germany,2020-05-01,0.71,0.56,0.86,0.64,0.76
Germany,2020-05-02,0.91,0.75,1.05,0.8300000000000001,0.9500000000000001
Greece,2020-03-14,2.64,0.8,4.22,1.83,3.25
Greece,2020-03-15,2.25,0.97,3.36,1.67,2.65
Greece,2020-03-16,1.84,0.79,2.72,1.36,2.15
Greece,2020-03-17,1.5,0.6,2.27,1.12,1.8
Greece,2020-03-18,1.24,0.47000000000000003,1.97,0.86,1.48
Greece,2020-03-19,1.12,0.41000000000000003,1.8,0.8,1.37
Greece,2020-03-20,1.11,0.39,1.71,0.78,1.32
Greece,2020-03-21,1.24,0.59,1.83,0.92,1.43
Greece,2020-03-22,1.32,0.6900000000000001,1.86,1.01,1.49
Greece,2020-03-23,1.41,0.85,1.94,1.12,1.57
Greece,2020-03-24,1.41,0.88,1.9100000000000001,1.16,1.58
Greece,2020-03-25,1.41,0.89,1.87,1.16,1.56
Greece,2020-03-26,1.41,0.92,1.85,1.18,1.56
Greece,2020-03-27,1.4000000000000001,0.92,1.81,1.19,1.55
Greece,2020-03-28,1.3800000000000001,0.9500000000000001,1.8,1.16,1.51
Greece,2020-03-29,1.3800000000000001,0.9500000000000001,1.77,1.2,1.53
Greece,2020-03-30,1.34,0.9400000000000001,1.73,1.16,1.48
Greece,2020-03-31,1.33,0.93,1.7,1.16,1.47
Greece,2020-04-01,1.33,0.93,1.68,1.17,1.47
Greece,2020-04-02,1.31,0.92,1.6500000000000001,1.11,1.41
Greece,2020-04-03,1.28,0.92,1.6300000000000001,1.1,1.3900000000000001
Greece,2020-04-04,1.22,0.85,1.55,1.07,1.35
Greece,2020-04-05,1.1400000000000001,0.78,1.47,0.97,1.25
Greece,2020-04-06,1.07,0.7000000000000001,1.3900000000000001,0.89,1.17
Greece,2020-04-07,1.01,0.64,1.33,0.84,1.12
Greece,2020-04-08,1.01,0.64,1.33,0.8300000000000001,1.11
Greece,2020-04-09,1.03,0.66,1.35,0.85,1.1300000000000001
Greece,2020-04-10,1.02,0.66,1.35,0.85,1.1300000000000001
Greece,2020-04-11,1.02,0.65,1.34,0.84,1.12
Greece,2020-04-12,0.97,0.61,1.3,0.8,1.08
Greece,2020-04-13,0.93,0.5700000000000001,1.26,0.76,1.04
Greece,2020-04-14,0.87,0.5,1.2,0.72,1.0
Greece,2020-04-15,0.8200000000000001,0.44,1.1500000000000001,0.63,0.92
Greece,2020-04-16,0.77,0.38,1.1,0.6,0.89
Greece,2020-04-17,0.75,0.36,1.09,0.55,0.85
Greece,2020-04-18,0.73,0.34,1.08,0.55,0.85
Greece,2020-04-19,0.8,0.42,1.17,0.6,0.91
Greece,2020-04-20,0.88,0.48,1.24,0.68,0.99
Greece,2020-04-21,0.97,0.59,1.35,0.78,1.09
Greece,2020-04-22,1.04,0.64,1.4000000000000001,0.84,1.1500000000000001
Greece,2020-04-23,1.04,0.63,1.3900000000000001,0.84,1.1500000000000001
Greece,2020-04-24,0.97,0.59,1.34,0.77,1.08
Greece,2020-04-25,0.9,0.49,1.25,0.7000000000000001,1.01
Greece,2020-04-26,0.81,0.41000000000000003,1.17,0.61,0.92
Greece,2020-04-27,0.8,0.4,1.17,0.63,0.9400000000000001
Greece,2020-04-28,0.79,0.38,1.16,0.58,0.9
Greece,2020-04-29,0.79,0.36,1.1500000000000001,0.59,0.91
Greece,2020-04-30,0.8,0.37,1.17,0.62,0.9400000000000001
Greece,2020-05-01,0.8,0.37,1.18,0.59,0.92
Greece,2020-05-02,0.78,0.37,1.18,0.58,0.91
Hungary,2020-03-23,1.79,0.01,3.43,0.86,2.43
Hungary,2020-03-24,1.75,0.28,3.0300000000000002,1.05,2.23
Hungary,2020-03-25,1.71,0.51,2.82,1.18,2.14
Hungary,2020-03-26,1.73,0.66,2.66,1.25,2.07
Hungary,2020-03-27,1.68,0.78,2.5300000000000002,1.25,1.97
Hungary,2020-03-28,1.68,0.84,2.41,1.3,1.94
Hungary,2020-03-29,1.55,0.8,2.23,1.24,1.82
Hungary,2020-03-30,1.49,0.77,2.1,1.17,1.71
Hungary,2020-03-31,1.42,0.77,2.0100000000000002,1.1,1.61
Hungary,2020-04-01,1.37,0.77,1.94,1.07,1.55
Hungary,2020-04-02,1.33,0.73,1.85,1.03,1.49
Hungary,2020-04-03,1.29,0.73,1.8,1.01,1.45
Hungary,2020-04-04,1.27,0.72,1.75,1.01,1.43
Hungary,2020-04-05,1.28,0.78,1.77,1.08,1.48
Hungary,2020-04-06,1.31,0.8,1.76,1.07,1.46
Hungary,2020-04-07,1.47,0.98,1.9000000000000001,1.27,1.6400000000000001
Hungary,2020-04-08,1.61,1.16,2.0300000000000002,1.37,1.73
Hungary,2020-04-09,1.7,1.25,2.08,1.48,1.82
Hungary,2020-04-10,1.69,1.29,2.07,1.49,1.81
Hungary,2020-04-11,1.57,1.17,1.92,1.41,1.71
Hungary,2020-04-12,1.41,1.05,1.77,1.25,1.54
Hungary,2020-04-13,1.27,0.89,1.6,1.08,1.37
Hungary,2020-04-14,1.17,0.8,1.5,1.02,1.3
Hungary,2020-04-15,1.16,0.81,1.5,0.99,1.27
Hungary,2020-04-16,1.17,0.8,1.49,0.99,1.27
Hungary,2020-04-17,1.19,0.84,1.52,1.0,1.28
Hungary,2020-04-18,1.19,0.8200000000000001,1.5,1.05,1.32
Hungary,2020-04-19,1.19,0.8300000000000001,1.5,1.02,1.29
Hungary,2020-04-20,1.18,0.85,1.51,1.01,1.28
Hungary,2020-04-21,1.19,0.8300000000000001,1.49,1.01,1.28
Hungary,2020-04-22,1.19,0.85,1.5,1.05,1.31
Hungary,2020-04-23,1.16,0.81,1.46,1.01,1.27
Hungary,2020-04-24,1.1300000000000001,0.8,1.44,0.97,1.23
Hungary,2020-04-25,1.08,0.74,1.3800000000000001,0.92,1.18
Hungary,2020-04-26,1.06,0.72,1.36,0.9,1.16
Hungary,2020-04-27,1.03,0.6900000000000001,1.33,0.87,1.1300000000000001
Hungary,2020-04-28,1.02,0.7000000000000001,1.34,0.86,1.12
Hungary,2020-04-29,1.03,0.68,1.33,0.87,1.1300000000000001
Hungary,2020-04-30,1.03,0.68,1.33,0.88,1.1400000000000001
Hungary,2020-05-01,1.04,0.6900000000000001,1.34,0.89,1.1500000000000001
Hungary,2020-05-02,1.05,0.7000000000000001,1.35,0.89,1.1500000000000001
Ireland,2020-03-15,2.7600000000000002,0.79,4.49,1.84,3.39
Ireland,2020-03-16,2.65,1.33,3.88,2.12,3.16
Ireland,2020-03-17,2.9,1.86,3.79,2.42,3.21
Ireland,2020-03-18,2.89,2.07,3.61,2.5100000000000002,3.14
Ireland,2020-03-19,2.74,2.08,3.36,2.45,2.97
Ireland,2020-03-20,2.5300000000000002,1.93,3.04,2.2600000000000002,2.71
Ireland,2020-03-21,2.37,1.84,2.82,2.12,2.52
Ireland,2020-03-22,2.22,1.75,2.63,1.99,2.35
Ireland,2020-03-23,2.15,1.72,2.52,1.93,2.2600000000000002
Ireland,2020-03-24,2.08,1.67,2.41,1.8900000000000001,2.19
Ireland,2020-03-25,2.07,1.7,2.38,1.8800000000000001,2.16
Ireland,2020-03-26,2.0300000000000002,1.7,2.33,1.86,2.12
Ireland,2020-03-27,1.93,1.6300000000000001,2.22,1.78,2.02
Ireland,2020-03-28,1.82,1.53,2.09,1.67,1.9000000000000001
Ireland,2020-03-29,1.73,1.44,1.98,1.58,1.8
Ireland,2020-03-30,1.62,1.34,1.86,1.48,1.69
Ireland,2020-03-31,1.57,1.32,1.82,1.46,1.6600000000000001
Ireland,2020-04-01,1.54,1.28,1.77,1.41,1.61
Ireland,2020-04-02,1.53,1.27,1.75,1.42,1.61
Ireland,2020-04-03,1.56,1.3,1.77,1.43,1.62
Ireland,2020-04-04,1.52,1.27,1.73,1.42,1.6
Ireland,2020-04-05,1.47,1.22,1.67,1.35,1.53
Ireland,2020-04-06,1.43,1.19,1.6300000000000001,1.31,1.49
Ireland,2020-04-07,1.5,1.28,1.71,1.41,1.58
Ireland,2020-04-08,1.6,1.3800000000000001,1.8,1.49,1.6600000000000001
Ireland,2020-04-09,1.74,1.51,1.92,1.6400000000000001,1.8
Ireland,2020-04-10,1.78,1.57,1.96,1.6600000000000001,1.82
Ireland,2020-04-11,1.78,1.59,1.96,1.68,1.83
Ireland,2020-04-12,1.68,1.49,1.85,1.57,1.72
Ireland,2020-04-13,1.6,1.41,1.76,1.51,1.6500000000000001
Ireland,2020-04-14,1.47,1.3,1.6400000000000001,1.37,1.51
Ireland,2020-04-15,1.3900000000000001,1.21,1.55,1.29,1.43
Ireland,2020-04-16,1.29,1.1,1.44,1.19,1.33
Ireland,2020-04-17,1.17,0.98,1.32,1.06,1.2
Ireland,2020-04-18,1.01,0.8300000000000001,1.17,0.91,1.05
Ireland,2020-04-19,0.87,0.7000000000000001,1.04,0.78,0.92
Ireland,2020-04-20,0.76,0.58,0.93,0.67,0.81
Ireland,2020-04-21,0.77,0.58,0.9400000000000001,0.7000000000000001,0.84
Ireland,2020-04-22,0.8200000000000001,0.61,0.98,0.71,0.86
Ireland,2020-04-23,0.87,0.67,1.04,0.77,0.92
Ireland,2020-04-24,0.9500000000000001,0.75,1.12,0.85,1.0
Ireland,2020-04-25,0.9500000000000001,0.75,1.12,0.85,1.0
Ireland,2020-04-26,0.87,0.68,1.05,0.77,0.92
Ireland,2020-04-27,0.77,0.56,0.9400000000000001,0.67,0.8200000000000001
Ireland,2020-04-28,0.66,0.46,0.84,0.58,0.73
Ireland,2020-04-29,0.6,0.39,0.78,0.49,0.65
Ireland,2020-04-30,0.58,0.37,0.77,0.48,0.64
Ireland,2020-05-01,0.55,0.33,0.74,0.46,0.62
Ireland,2020-05-02,0.5700000000000001,0.34,0.76,0.45,0.62
Italy,2020-02-23,4.08,2.22,5.66,3.24,4.65
Italy,2020-02-24,3.52,2.31,4.55,3.02,3.93
Italy,2020-02-25,3.46,2.59,4.25,3.0500000000000003,3.73
Italy,2020-02-26,3.2800000000000002,2.57,3.89,2.94,3.48
Italy,2020-02-27,3.11,2.52,3.61,2.85,3.29
Italy,2020-02-28,3.17,2.67,3.58,2.93,3.3000000000000003
Italy,2020-02-29,3.02,2.62,3.39,2.85,3.16
Italy,2020-03-01,2.87,2.5100000000000002,3.18,2.71,2.98
Italy,2020-03-02,2.71,2.39,2.98,2.5500000000000003,2.79
Italy,2020-03-03,2.5500000000000003,2.27,2.8000000000000003,2.45,2.66
Italy,2020-03-04,2.44,2.19,2.67,2.3000000000000003,2.5
Italy,2020-03-05,2.42,2.19,2.63,2.3000000000000003,2.48
Italy,2020-03-06,2.42,2.19,2.6,2.33,2.49
Italy,2020-03-07,2.47,2.2600000000000002,2.64,2.38,2.5300000000000002
Italy,2020-03-08,2.36,2.17,2.52,2.27,2.41
Italy,2020-03-09,2.3000000000000003,2.11,2.44,2.21,2.34
Italy,2020-03-10,2.22,2.05,2.36,2.15,2.27
Italy,2020-03-11,2.15,2.0,2.29,2.06,2.18
Italy,2020-03-12,2.14,2.0,2.27,2.06,2.17
Italy,2020-03-13,2.07,1.93,2.19,2.0100000000000002,2.11
Italy,2020-03-14,2.02,1.8800000000000001,2.13,1.94,2.04
Italy,2020-03-15,1.93,1.8,2.04,1.85,1.95
Italy,2020-03-16,1.8,1.67,1.9000000000000001,1.74,1.83
Italy,2020-03-17,1.74,1.6300000000000001,1.85,1.68,1.77
Italy,2020-03-18,1.75,1.6300000000000001,1.85,1.68,1.77
Italy,2020-03-19,1.78,1.6600000000000001,1.87,1.73,1.81
Italy,2020-03-20,1.77,1.6600000000000001,1.86,1.71,1.79
Italy,2020-03-21,1.6300000000000001,1.52,1.72,1.57,1.6500000000000001
Italy,2020-03-22,1.47,1.37,1.56,1.4000000000000001,1.48
Italy,2020-03-23,1.26,1.1500000000000001,1.34,1.19,1.27
Italy,2020-03-24,1.11,1.01,1.2,1.04,1.12
Italy,2020-03-25,1.05,0.9500000000000001,1.1400000000000001,0.98,1.06
Italy,2020-03-26,1.06,0.96,1.1500000000000001,1.0,1.08
Italy,2020-03-27,1.09,0.99,1.18,1.03,1.11
Italy,2020-03-28,1.05,0.9500000000000001,1.1400000000000001,0.99,1.07
Italy,2020-03-29,0.92,0.8200000000000001,1.01,0.86,0.9400000000000001
Italy,2020-03-30,0.8,0.6900000000000001,0.89,0.74,0.8200000000000001
Italy,2020-03-31,0.7000000000000001,0.59,0.79,0.64,0.72
Italy,2020-04-01,0.7000000000000001,0.6,0.8,0.65,0.73
Italy,2020-04-02,0.78,0.66,0.87,0.72,0.8
Italy,2020-04-03,0.87,0.75,0.96,0.81,0.89
Italy,2020-04-04,0.91,0.79,1.0,0.85,0.93
Italy,2020-04-05,0.85,0.73,0.9400000000000001,0.8,0.88
Italy,2020-04-06,0.76,0.65,0.86,0.71,0.79
Italy,2020-04-07,0.72,0.61,0.8200000000000001,0.68,0.76
Italy,2020-04-08,0.74,0.62,0.84,0.67,0.76
Italy,2020-04-09,0.85,0.72,0.9400000000000001,0.78,0.87
Italy,2020-04-10,0.98,0.85,1.07,0.91,1.0
Italy,2020-04-11,1.03,0.93,1.1400000000000001,0.96,1.05
Italy,2020-04-12,1.0,0.89,1.1,0.96,1.04
Italy,2020-04-13,0.86,0.73,0.9500000000000001,0.79,0.88
Italy,2020-04-14,0.76,0.63,0.85,0.6900000000000001,0.78
Italy,2020-04-15,0.72,0.6,0.8200000000000001,0.65,0.74
Italy,2020-04-16,0.75,0.62,0.85,0.68,0.77
Italy,2020-04-17,0.8300000000000001,0.71,0.9400000000000001,0.77,0.86
Italy,2020-04-18,0.88,0.75,0.98,0.8200000000000001,0.91
Italy,2020-04-19,0.86,0.73,0.96,0.8,0.89
Italy,2020-04-20,0.8300000000000001,0.71,0.9400000000000001,0.77,0.86
Italy,2020-04-21,0.77,0.65,0.88,0.71,0.8
Italy,2020-04-22,0.8,0.67,0.91,0.75,0.84
Italy,2020-04-23,0.8300000000000001,0.7000000000000001,0.9400000000000001,0.78,0.87
Italy,2020-04-24,0.85,0.72,0.96,0.8,0.89
Italy,2020-04-25,0.81,0.68,0.92,0.73,0.8300000000000001
Italy,2020-04-26,0.72,0.59,0.8300000000000001,0.64,0.74
Italy,2020-04-27,0.63,0.49,0.74,0.56,0.66
Italy,2020-04-28,0.61,0.48,0.73,0.54,0.64
Italy,2020-04-29,0.62,0.47000000000000003,0.73,0.56,0.66
Italy,2020-04-30,0.68,0.54,0.8,0.63,0.73
Italy,2020-05-01,0.74,0.61,0.87,0.66,0.77
Italy,2020-05-02,0.8200000000000001,0.6900000000000001,0.9500000000000001,0.73,0.84
Latvia,2020-03-27,2.0,0.05,3.59,1.06,2.64
Latvia,2020-03-28,1.6,0.16,2.8000000000000003,0.96,2.1
Latvia,2020-03-29,1.47,0.3,2.5300000000000002,0.89,1.84
Latvia,2020-03-30,1.4000000000000001,0.38,2.35,0.96,1.78
Latvia,2020-03-31,1.22,0.27,2.04,0.78,1.52
Latvia,2020-04-01,1.11,0.26,1.8800000000000001,0.7000000000000001,1.3800000000000001
Latvia,2020-04-02,1.06,0.24,1.77,0.66,1.3
Latvia,2020-04-03,0.96,0.19,1.6300000000000001,0.62,1.22
Latvia,2020-04-04,0.97,0.23,1.62,0.61,1.19
Latvia,2020-04-05,0.87,0.18,1.5,0.51,1.07
Latvia,2020-04-06,0.81,0.13,1.4000000000000001,0.47000000000000003,1.01
Latvia,2020-04-07,0.79,0.11,1.36,0.47000000000000003,1.0
Latvia,2020-04-08,0.78,0.11,1.34,0.46,0.98
Latvia,2020-04-09,0.81,0.14,1.37,0.53,1.04
Latvia,2020-04-10,0.84,0.19,1.41,0.52,1.03
Latvia,2020-04-11,0.85,0.19,1.4000000000000001,0.54,1.04
Latvia,2020-04-12,0.84,0.2,1.3900000000000001,0.55,1.04
Latvia,2020-04-13,0.77,0.14,1.3,0.51,0.99
Latvia,2020-04-14,0.74,0.15,1.29,0.45,0.93
Latvia,2020-04-15,0.71,0.08,1.21,0.41000000000000003,0.89
Latvia,2020-04-16,0.72,0.09,1.22,0.41000000000000003,0.89
Latvia,2020-04-17,0.76,0.12,1.27,0.46,0.9400000000000001
Latvia,2020-04-18,0.8,0.21,1.36,0.5,0.98
Latvia,2020-04-19,0.85,0.25,1.4000000000000001,0.58,1.05
Latvia,2020-04-20,0.85,0.23,1.3800000000000001,0.56,1.03
Latvia,2020-04-21,0.84,0.22,1.36,0.54,1.01
Latvia,2020-04-22,0.8300000000000001,0.22,1.35,0.5700000000000001,1.03
Latvia,2020-04-23,0.8300000000000001,0.22,1.35,0.56,1.02
Latvia,2020-04-24,0.84,0.24,1.36,0.55,1.01
Latvia,2020-04-25,0.8300000000000001,0.21,1.33,0.53,0.99
Latvia,2020-04-26,0.8300000000000001,0.25,1.36,0.6,1.05
Latvia,2020-04-27,0.84,0.24,1.35,0.59,1.04
Latvia,2020-04-28,0.84,0.24,1.35,0.58,1.03
Latvia,2020-04-29,0.84,0.24,1.35,0.58,1.03
Latvia,2020-04-30,0.85,0.27,1.37,0.58,1.03
Latvia,2020-05-01,0.85,0.27,1.37,0.5700000000000001,1.02
Latvia,2020-05-02,0.86,0.26,1.36,0.5700000000000001,1.02
Luxembourg,2020-03-17,3.92,1.99,5.59,3.11,4.58
Luxembourg,2020-03-18,3.77,2.56,4.8500000000000005,3.2,4.14
Luxembourg,2020-03-19,3.69,2.79,4.47,3.2600000000000002,3.95
Luxembourg,2020-03-20,3.2800000000000002,2.6,3.93,2.99,3.5300000000000002
Luxembourg,2020-03-21,2.87,2.2800000000000002,3.4,2.58,3.04
Luxembourg,2020-03-22,2.5500000000000003,2.02,3.0,2.29,2.69
Luxembourg,2020-03-23,2.31,1.86,2.73,2.13,2.48
Luxembourg,2020-03-24,2.1,1.67,2.47,1.92,2.24
Luxembourg,2020-03-25,1.96,1.56,2.3000000000000003,1.77,2.07
Luxembourg,2020-03-26,1.85,1.49,2.18,1.68,1.96
Luxembourg,2020-03-27,1.73,1.37,2.0300000000000002,1.55,1.82
Luxembourg,2020-03-28,1.58,1.25,1.8800000000000001,1.4000000000000001,1.6600000000000001
Luxembourg,2020-03-29,1.45,1.1400000000000001,1.75,1.29,1.54
Luxembourg,2020-03-30,1.34,1.03,1.6300000000000001,1.21,1.45
Luxembourg,2020-03-31,1.3,1.0,1.59,1.1500000000000001,1.3900000000000001
Luxembourg,2020-04-01,1.27,0.9500000000000001,1.54,1.11,1.35
Luxembourg,2020-04-02,1.25,0.9400000000000001,1.52,1.1300000000000001,1.36
Luxembourg,2020-04-03,1.22,0.9,1.48,1.08,1.31
Luxembourg,2020-04-04,1.16,0.86,1.43,1.02,1.25
Luxembourg,2020-04-05,1.07,0.77,1.34,0.93,1.16
Luxembourg,2020-04-06,1.0,0.6900000000000001,1.27,0.87,1.1
Luxembourg,2020-04-07,0.96,0.65,1.23,0.79,1.03
Luxembourg,2020-04-08,0.9500000000000001,0.63,1.22,0.79,1.03
Luxembourg,2020-04-09,0.9400000000000001,0.63,1.22,0.79,1.03
Luxembourg,2020-04-10,0.93,0.6,1.2,0.78,1.02
Luxembourg,2020-04-11,0.88,0.5700000000000001,1.17,0.75,0.99
Luxembourg,2020-04-12,0.8,0.48,1.09,0.64,0.89
Luxembourg,2020-04-13,0.76,0.43,1.05,0.61,0.86
Luxembourg,2020-04-14,0.74,0.41000000000000003,1.04,0.5700000000000001,0.8300000000000001
Luxembourg,2020-04-15,0.74,0.39,1.04,0.58,0.84
Luxembourg,2020-04-16,0.79,0.44,1.1,0.61,0.88
Luxembourg,2020-04-17,0.8300000000000001,0.49,1.1500000000000001,0.65,0.92
Luxembourg,2020-04-18,0.8200000000000001,0.46,1.1300000000000001,0.66,0.93
Luxembourg,2020-04-19,0.81,0.44,1.12,0.67,0.9400000000000001
Luxembourg,2020-04-20,0.78,0.43,1.11,0.59,0.87
Luxembourg,2020-04-21,0.76,0.4,1.09,0.59,0.87
Luxembourg,2020-04-22,0.77,0.4,1.1,0.62,0.9
Luxembourg,2020-04-23,0.75,0.38,1.09,0.5700000000000001,0.86
Luxembourg,2020-04-24,0.75,0.36,1.08,0.5700000000000001,0.86
Luxembourg,2020-04-25,0.73,0.34,1.07,0.53,0.8300000000000001
Luxembourg,2020-04-26,0.6900000000000001,0.3,1.04,0.51,0.81
Luxembourg,2020-04-27,0.68,0.29,1.04,0.52,0.8200000000000001
Luxembourg,2020-04-28,0.6900000000000001,0.29,1.05,0.49,0.8
Luxembourg,2020-04-29,0.6900000000000001,0.29,1.06,0.52,0.8300000000000001
Luxembourg,2020-04-30,0.71,0.3,1.08,0.5,0.8200000000000001
Luxembourg,2020-05-01,0.73,0.32,1.11,0.54,0.86
Luxembourg,2020-05-02,0.74,0.32,1.12,0.52,0.85
Malta,2020-03-22,2.2800000000000002,0.0,4.73,1.04,3.27
Malta,2020-03-23,1.8900000000000001,0.01,3.62,0.91,2.57
Malta,2020-03-24,1.58,0.01,2.99,0.78,2.14
Malta,2020-03-25,1.28,0.01,2.54,0.6900000000000001,1.85
Malta,2020-03-26,1.0,0.0,2.17,0.46,1.47
Malta,2020-03-27,0.79,0.0,1.92,0.31,1.21
Malta,2020-03-28,0.72,0.0,1.8,0.18,1.03
Malta,2020-03-29,0.66,0.0,1.71,0.18,0.98
Malta,2020-03-30,0.76,0.0,1.75,0.31,1.1300000000000001
Malta,2020-03-31,0.85,0.0,1.79,0.37,1.2
Malta,2020-04-01,1.0,0.03,1.8900000000000001,0.51,1.35
Malta,2020-04-02,1.0,0.03,1.85,0.5700000000000001,1.3800000000000001
Malta,2020-04-03,1.11,0.09,1.95,0.67,1.47
Malta,2020-04-04,1.1,0.14,1.94,0.6900000000000001,1.46
Malta,2020-04-05,1.24,0.29,2.09,0.8300000000000001,1.58
Malta,2020-04-06,1.3,0.36,2.11,0.9,1.62
Malta,2020-04-07,1.42,0.53,2.21,1.01,1.7
Malta,2020-04-08,1.45,0.59,2.19,1.08,1.73
Malta,2020-04-09,1.43,0.62,2.14,1.07,1.69
Malta,2020-04-10,1.33,0.55,2.0100000000000002,1.03,1.62
Malta,2020-04-11,1.25,0.5,1.9100000000000001,0.96,1.53
Malta,2020-04-12,1.11,0.39,1.76,0.78,1.34
Malta,2020-04-13,1.05,0.32,1.67,0.74,1.29
Malta,2020-04-14,0.98,0.3,1.62,0.7000000000000001,1.24
Malta,2020-04-15,0.96,0.27,1.58,0.64,1.18
Malta,2020-04-16,0.93,0.25,1.55,0.6,1.1400000000000001
Malta,2020-04-17,0.9400000000000001,0.23,1.53,0.65,1.18
Malta,2020-04-18,0.91,0.22,1.51,0.61,1.1400000000000001
Malta,2020-04-19,0.89,0.22,1.5,0.58,1.11
Malta,2020-04-20,0.9,0.22,1.5,0.58,1.11
Malta,2020-04-21,0.87,0.18,1.46,0.55,1.08
Malta,2020-04-22,0.85,0.18,1.45,0.53,1.06
Malta,2020-04-23,0.86,0.15,1.43,0.54,1.07
Malta,2020-04-24,0.8300000000000001,0.15,1.42,0.52,1.05
Malta,2020-04-25,0.81,0.1,1.37,0.51,1.04
Malta,2020-04-26,0.79,0.09,1.35,0.5,1.03
Malta,2020-04-27,0.81,0.1,1.3800000000000001,0.48,1.02
Malta,2020-04-28,0.84,0.15,1.44,0.52,1.06
Malta,2020-04-29,0.84,0.11,1.41,0.53,1.07
Malta,2020-04-30,0.87,0.14,1.45,0.58,1.12
Malta,2020-05-01,0.87,0.15,1.46,0.59,1.1300000000000001
Malta,2020-05-02,0.87,0.16,1.47,0.52,1.07
Netherlands,2020-03-07,2.91,1.11,4.47,2.15,3.5300000000000002
Netherlands,2020-03-08,2.54,1.32,3.61,1.98,2.92
Netherlands,2020-03-09,2.35,1.41,3.2,1.94,2.67
Netherlands,2020-03-10,2.22,1.45,2.94,1.85,2.46
Netherlands,2020-03-11,2.2600000000000002,1.58,2.86,1.96,2.48
Netherlands,2020-03-12,2.27,1.7,2.81,2.02,2.47
Netherlands,2020-03-13,2.27,1.76,2.74,2.02,2.42
Netherlands,2020-03-14,2.2800000000000002,1.8,2.68,2.05,2.41
Netherlands,2020-03-15,2.2600000000000002,1.83,2.62,2.06,2.38
Netherlands,2020-03-16,2.24,1.87,2.58,2.05,2.34
Netherlands,2020-03-17,2.23,1.8900000000000001,2.54,2.09,2.35
Netherlands,2020-03-18,2.23,1.9100000000000001,2.5100000000000002,2.09,2.33
Netherlands,2020-03-19,2.2600000000000002,1.96,2.5100000000000002,2.12,2.34
Netherlands,2020-03-20,2.23,1.95,2.46,2.13,2.33
Netherlands,2020-03-21,2.15,1.9000000000000001,2.37,2.0300000000000002,2.22
Netherlands,2020-03-22,2.08,1.84,2.2800000000000002,1.95,2.13
Netherlands,2020-03-23,2.0,1.77,2.19,1.8800000000000001,2.05
Netherlands,2020-03-24,1.95,1.73,2.13,1.85,2.0100000000000002
Netherlands,2020-03-25,1.93,1.73,2.11,1.84,1.99
Netherlands,2020-03-26,1.92,1.73,2.09,1.81,1.96
Netherlands,2020-03-27,1.8800000000000001,1.69,2.04,1.79,1.93
Netherlands,2020-03-28,1.78,1.59,1.93,1.71,1.84
Netherlands,2020-03-29,1.61,1.43,1.76,1.53,1.6600000000000001
Netherlands,2020-03-30,1.45,1.29,1.61,1.36,1.49
Netherlands,2020-03-31,1.32,1.1400000000000001,1.46,1.23,1.36
Netherlands,2020-04-01,1.22,1.05,1.37,1.1300000000000001,1.26
Netherlands,2020-04-02,1.17,1.0,1.32,1.08,1.21
Netherlands,2020-04-03,1.17,1.0,1.32,1.08,1.21
Netherlands,2020-04-04,1.16,0.99,1.31,1.07,1.2
Netherlands,2020-04-05,1.12,0.9500000000000001,1.27,1.03,1.16
Netherlands,2020-04-06,1.07,0.9,1.22,0.98,1.11
Netherlands,2020-04-07,1.04,0.87,1.19,0.9500000000000001,1.08
Netherlands,2020-04-08,1.07,0.89,1.21,0.98,1.11
Netherlands,2020-04-09,1.1300000000000001,0.96,1.28,1.04,1.17
Netherlands,2020-04-10,1.18,1.01,1.33,1.09,1.22
Netherlands,2020-04-11,1.21,1.05,1.36,1.11,1.24
Netherlands,2020-04-12,1.17,1.0,1.31,1.1,1.22
Netherlands,2020-04-13,1.05,0.88,1.19,0.98,1.1
Netherlands,2020-04-14,0.93,0.77,1.08,0.87,0.99
Netherlands,2020-04-15,0.88,0.7000000000000001,1.02,0.78,0.91
Netherlands,2020-04-16,0.89,0.72,1.04,0.8,0.93
Netherlands,2020-04-17,0.96,0.79,1.11,0.87,1.0
Netherlands,2020-04-18,1.0,0.8300000000000001,1.1500000000000001,0.91,1.04
Netherlands,2020-04-19,0.99,0.81,1.1300000000000001,0.9,1.03
Netherlands,2020-04-20,0.92,0.74,1.06,0.8300000000000001,0.96
Netherlands,2020-04-21,0.8200000000000001,0.66,0.98,0.74,0.87
Netherlands,2020-04-22,0.76,0.58,0.91,0.67,0.8
Netherlands,2020-04-23,0.74,0.56,0.89,0.66,0.79
Netherlands,2020-04-24,0.74,0.55,0.89,0.64,0.78
Netherlands,2020-04-25,0.73,0.55,0.89,0.63,0.77
Netherlands,2020-04-26,0.65,0.46,0.81,0.56,0.7000000000000001
Netherlands,2020-04-27,0.55,0.37,0.72,0.47000000000000003,0.61
Netherlands,2020-04-28,0.46,0.27,0.63,0.35000000000000003,0.5
Netherlands,2020-04-29,0.42,0.23,0.6,0.32,0.47000000000000003
Netherlands,2020-04-30,0.46,0.27,0.65,0.38,0.53
Netherlands,2020-05-01,0.53,0.33,0.72,0.42,0.58
Netherlands,2020-05-02,0.64,0.42,0.8200000000000001,0.54,0.7000000000000001
Norway,2020-03-08,2.23,0.27,3.93,1.41,3.0
Norway,2020-03-09,3.2,1.8,4.41,2.56,3.63
Norway,2020-03-10,3.42,2.41,4.3100000000000005,2.94,3.72
Norway,2020-03-11,3.08,2.2800000000000002,3.79,2.7,3.3200000000000003
Norway,2020-03-12,3.0,2.36,3.6,2.68,3.19
Norway,2020-03-13,2.74,2.18,3.24,2.49,2.92
Norway,2020-03-14,2.44,1.93,2.87,2.21,2.59
Norway,2020-03-15,2.19,1.73,2.58,2.0100000000000002,2.35
Norway,2020-03-16,1.94,1.53,2.31,1.73,2.05
Norway,2020-03-17,1.76,1.36,2.1,1.57,1.87
Norway,2020-03-18,1.67,1.3,2.0,1.53,1.81
Norway,2020-03-19,1.56,1.22,1.8900000000000001,1.41,1.68
Norway,2020-03-20,1.55,1.21,1.86,1.41,1.67
Norway,2020-03-21,1.6,1.25,1.8800000000000001,1.46,1.71
Norway,2020-03-22,1.6,1.29,1.8900000000000001,1.48,1.72
Norway,2020-03-23,1.6300000000000001,1.33,1.9100000000000001,1.47,1.71
Norway,2020-03-24,1.6300000000000001,1.33,1.8900000000000001,1.48,1.71
Norway,2020-03-25,1.6600000000000001,1.37,1.9100000000000001,1.51,1.73
Norway,2020-03-26,1.6500000000000001,1.37,1.8900000000000001,1.52,1.73
Norway,2020-03-27,1.61,1.36,1.86,1.5,1.7
Norway,2020-03-28,1.51,1.25,1.74,1.37,1.57
Norway,2020-03-29,1.3900000000000001,1.1400000000000001,1.62,1.29,1.48
Norway,2020-03-30,1.25,0.99,1.47,1.1400000000000001,1.33
Norway,2020-03-31,1.18,0.92,1.4000000000000001,1.07,1.26
Norway,2020-04-01,1.1300000000000001,0.87,1.35,1.02,1.21
Norway,2020-04-02,1.1500000000000001,0.89,1.37,1.04,1.23
Norway,2020-04-03,1.16,0.9,1.3800000000000001,1.05,1.24
Norway,2020-04-04,1.1400000000000001,0.88,1.36,1.03,1.22
Norway,2020-04-05,1.05,0.79,1.27,0.9400000000000001,1.1300000000000001
Norway,2020-04-06,0.96,0.71,1.19,0.86,1.05
Norway,2020-04-07,0.88,0.61,1.1,0.74,0.9400000000000001
Norway,2020-04-08,0.81,0.54,1.04,0.68,0.88
Norway,2020-04-09,0.77,0.52,1.02,0.66,0.86
Norway,2020-04-10,0.76,0.5,1.01,0.62,0.8300000000000001
Norway,2020-04-11,0.74,0.48,1.0,0.62,0.8300000000000001
Norway,2020-04-12,0.72,0.45,0.98,0.5700000000000001,0.79
Norway,2020-04-13,0.7000000000000001,0.42,0.96,0.56,0.78
Norway,2020-04-14,0.71,0.43,0.98,0.59,0.81
Norway,2020-04-15,0.72,0.43,0.99,0.5700000000000001,0.8
Norway,2020-04-16,0.76,0.45,1.02,0.61,0.84
Norway,2020-04-17,0.78,0.46,1.04,0.65,0.88
Norway,2020-04-18,0.8,0.49,1.07,0.63,0.87
Norway,2020-04-19,0.79,0.47000000000000003,1.06,0.63,0.87
Norway,2020-04-20,0.78,0.46,1.05,0.62,0.86
Norway,2020-04-21,0.77,0.47000000000000003,1.06,0.62,0.86
Norway,2020-04-22,0.77,0.45,1.05,0.63,0.87
Norway,2020-04-23,0.75,0.42,1.03,0.58,0.8300000000000001
Norway,2020-04-24,0.75,0.43,1.04,0.59,0.84
Norway,2020-04-25,0.75,0.41000000000000003,1.03,0.59,0.84
Norway,2020-04-26,0.73,0.41000000000000003,1.03,0.58,0.8300000000000001
Norway,2020-04-27,0.71,0.38,1.01,0.54,0.8
Norway,2020-04-28,0.7000000000000001,0.36,1.0,0.54,0.8
Norway,2020-04-29,0.72,0.37,1.02,0.5700000000000001,0.8300000000000001
Norway,2020-04-30,0.74,0.4,1.05,0.6,0.86
Norway,2020-05-01,0.75,0.39,1.05,0.5700000000000001,0.84
Norway,2020-05-02,0.76,0.43,1.09,0.59,0.86
Poland,2020-03-16,2.71,0.73,4.38,1.8800000000000001,3.4
Poland,2020-03-17,2.43,1.07,3.62,1.87,2.91
Poland,2020-03-18,2.33,1.25,3.25,1.83,2.65
Poland,2020-03-19,2.22,1.34,3.0,1.81,2.49
Poland,2020-03-20,2.18,1.45,2.87,1.85,2.43
Poland,2020-03-21,2.15,1.48,2.73,1.84,2.35
Poland,2020-03-22,2.12,1.54,2.65,1.87,2.32
Poland,2020-03-23,2.1,1.57,2.57,1.84,2.25
Poland,2020-03-24,2.06,1.57,2.48,1.84,2.21
Poland,2020-03-25,2.0100000000000002,1.57,2.4,1.79,2.13
Poland,2020-03-26,1.97,1.56,2.33,1.79,2.1
Poland,2020-03-27,1.94,1.55,2.27,1.77,2.06
Poland,2020-03-28,1.8800000000000001,1.53,2.2,1.72,1.99
Poland,2020-03-29,1.83,1.5,2.13,1.6600000000000001,1.92
Poland,2020-03-30,1.76,1.45,2.05,1.6300000000000001,1.87
Poland,2020-03-31,1.74,1.45,2.02,1.61,1.84
Poland,2020-04-01,1.76,1.46,2.0100000000000002,1.62,1.84
Poland,2020-04-02,1.74,1.44,1.97,1.61,1.82
Poland,2020-04-03,1.74,1.49,1.99,1.6300000000000001,1.83
Poland,2020-04-04,1.7,1.43,1.92,1.56,1.76
Poland,2020-04-05,1.6400000000000001,1.3900000000000001,1.86,1.51,1.7
Poland,2020-04-06,1.57,1.31,1.77,1.47,1.6500000000000001
Poland,2020-04-07,1.48,1.24,1.69,1.37,1.55
Poland,2020-04-08,1.41,1.18,1.62,1.29,1.47
Poland,2020-04-09,1.37,1.1500000000000001,1.58,1.29,1.46
Poland,2020-04-10,1.3,1.07,1.5,1.2,1.37
Poland,2020-04-11,1.24,1.0,1.43,1.1400000000000001,1.31
Poland,2020-04-12,1.16,0.92,1.35,1.05,1.22
Poland,2020-04-13,1.1,0.87,1.3,1.0,1.17
Poland,2020-04-14,1.06,0.8300000000000001,1.26,0.97,1.1400000000000001
Poland,2020-04-15,1.07,0.84,1.27,0.98,1.1500000000000001
Poland,2020-04-16,1.1,0.87,1.3,1.01,1.18
Poland,2020-04-17,1.17,0.9400000000000001,1.37,1.07,1.24
Poland,2020-04-18,1.2,0.96,1.3900000000000001,1.1,1.27
Poland,2020-04-19,1.18,0.9500000000000001,1.3800000000000001,1.08,1.25
Poland,2020-04-20,1.1300000000000001,0.91,1.33,1.02,1.19
Poland,2020-04-21,1.06,0.84,1.26,0.9500000000000001,1.12
Poland,2020-04-22,1.0,0.78,1.2,0.89,1.06
Poland,2020-04-23,0.99,0.75,1.18,0.88,1.05
Poland,2020-04-24,0.98,0.75,1.18,0.88,1.05
Poland,2020-04-25,1.01,0.77,1.2,0.91,1.08
Poland,2020-04-26,1.01,0.78,1.21,0.91,1.08
Poland,2020-04-27,1.01,0.78,1.21,0.91,1.08
Poland,2020-04-28,0.98,0.75,1.18,0.88,1.05
Poland,2020-04-29,0.9500000000000001,0.72,1.1500000000000001,0.86,1.03
Poland,2020-04-30,0.92,0.71,1.1400000000000001,0.79,0.97
Poland,2020-05-01,0.9,0.65,1.09,0.77,0.9500000000000001
Poland,2020-05-02,0.87,0.64,1.08,0.75,0.93
Portugal,2020-03-14,3.5,1.55,5.18,2.64,4.13
Portugal,2020-03-15,3.49,2.23,4.57,2.9,3.86
Portugal,2020-03-16,3.35,2.43,4.17,2.94,3.65
Portugal,2020-03-17,3.15,2.4,3.79,2.79,3.36
Portugal,2020-03-18,2.99,2.37,3.52,2.7,3.17
Portugal,2020-03-19,2.82,2.3000000000000003,3.2800000000000002,2.57,2.97
Portugal,2020-03-20,2.7,2.25,3.1,2.47,2.82
Portugal,2020-03-21,2.64,2.23,2.98,2.47,2.77
Portugal,2020-03-22,2.5100000000000002,2.15,2.82,2.35,2.62
Portugal,2020-03-23,2.46,2.14,2.74,2.32,2.56
Portugal,2020-03-24,2.39,2.09,2.64,2.25,2.47
Portugal,2020-03-25,2.32,2.06,2.56,2.21,2.41
Portugal,2020-03-26,2.29,2.06,2.52,2.16,2.35
Portugal,2020-03-27,2.22,2.0,2.43,2.13,2.3000000000000003
Portugal,2020-03-28,2.07,1.84,2.25,1.98,2.14
Portugal,2020-03-29,1.96,1.75,2.14,1.85,2.0100000000000002
Portugal,2020-03-30,1.8,1.61,1.98,1.7,1.85
Portugal,2020-03-31,1.68,1.49,1.85,1.57,1.72
Portugal,2020-04-01,1.57,1.4000000000000001,1.75,1.49,1.6300000000000001
Portugal,2020-04-02,1.46,1.27,1.62,1.37,1.51
Portugal,2020-04-03,1.37,1.17,1.52,1.27,1.41
Portugal,2020-04-04,1.26,1.06,1.41,1.16,1.3
Portugal,2020-04-05,1.1300000000000001,0.9400000000000001,1.29,1.03,1.17
Portugal,2020-04-06,1.05,0.86,1.21,0.96,1.1
Portugal,2020-04-07,1.03,0.84,1.19,0.9400000000000001,1.08
Portugal,2020-04-08,1.1300000000000001,0.9400000000000001,1.29,1.04,1.18
Portugal,2020-04-09,1.2,1.02,1.37,1.11,1.25
Portugal,2020-04-10,1.24,1.04,1.3900000000000001,1.1400000000000001,1.28
Portugal,2020-04-11,1.18,1.01,1.35,1.08,1.22
Portugal,2020-04-12,1.03,0.85,1.19,0.93,1.07
Portugal,2020-04-13,0.88,0.68,1.03,0.78,0.92
Portugal,2020-04-14,0.79,0.6,0.9500000000000001,0.7000000000000001,0.84
Portugal,2020-04-15,0.6900000000000001,0.5,0.86,0.62,0.76
Portugal,2020-04-16,0.76,0.55,0.92,0.65,0.8
Portugal,2020-04-17,0.79,0.59,0.96,0.68,0.8300000000000001
Portugal,2020-04-18,0.8300000000000001,0.62,1.0,0.74,0.89
Portugal,2020-04-19,0.86,0.65,1.03,0.76,0.91
Portugal,2020-04-20,0.89,0.6900000000000001,1.07,0.8,0.9500000000000001
Portugal,2020-04-21,0.9,0.6900000000000001,1.07,0.81,0.96
Portugal,2020-04-22,0.92,0.71,1.09,0.8300000000000001,0.98
Portugal,2020-04-23,0.88,0.68,1.06,0.79,0.9400000000000001
Portugal,2020-04-24,0.86,0.67,1.05,0.78,0.93
Portugal,2020-04-25,0.81,0.6,0.99,0.7000000000000001,0.86
Portugal,2020-04-26,0.77,0.56,0.9500000000000001,0.66,0.8200000000000001
Portugal,2020-04-27,0.68,0.46,0.86,0.58,0.74
Portugal,2020-04-28,0.66,0.45,0.85,0.56,0.72
Portugal,2020-04-29,0.63,0.42,0.8300000000000001,0.51,0.68
Portugal,2020-04-30,0.65,0.42,0.84,0.53,0.7000000000000001
Portugal,2020-05-01,0.71,0.5,0.92,0.6,0.77
Portugal,2020-05-02,0.81,0.5700000000000001,1.0,0.7000000000000001,0.87
Romania,2020-03-16,1.97,0.06,3.54,1.08,2.63
Romania,2020-03-17,1.69,0.25,2.9,1.04,2.17
Romania,2020-03-18,1.45,0.29,2.48,0.89,1.82
Romania,2020-03-19,1.44,0.39,2.34,0.96,1.77
Romania,2020-03-20,1.47,0.55,2.3000000000000003,1.04,1.76
Romania,2020-03-21,1.71,0.87,2.44,1.33,1.97
Romania,2020-03-22,2.09,1.3800000000000001,2.75,1.76,2.32
Romania,2020-03-23,2.35,1.71,2.91,2.05,2.54
Romania,2020-03-24,2.4,1.84,2.89,2.13,2.56
Romania,2020-03-25,2.4,1.9100000000000001,2.84,2.16,2.54
Romania,2020-03-26,2.27,1.81,2.65,2.06,2.4
Romania,2020-03-27,2.2,1.79,2.5500000000000003,2.0,2.31
Romania,2020-03-28,2.08,1.71,2.41,1.93,2.21
Romania,2020-03-29,2.0,1.6500000000000001,2.3000000000000003,1.86,2.12
Romania,2020-03-30,1.9100000000000001,1.59,2.2,1.74,1.99
Romania,2020-03-31,1.82,1.51,2.09,1.6500000000000001,1.8900000000000001
Romania,2020-04-01,1.77,1.48,2.0300000000000002,1.6500000000000001,1.87
Romania,2020-04-02,1.77,1.49,2.02,1.6600000000000001,1.87
Romania,2020-04-03,1.73,1.45,1.96,1.58,1.79
Romania,2020-04-04,1.6600000000000001,1.4000000000000001,1.8900000000000001,1.53,1.73
Romania,2020-04-05,1.57,1.3,1.78,1.45,1.6400000000000001
Romania,2020-04-06,1.47,1.21,1.68,1.34,1.53
Romania,2020-04-07,1.41,1.16,1.62,1.27,1.46
Romania,2020-04-08,1.35,1.12,1.57,1.24,1.42
Romania,2020-04-09,1.36,1.12,1.57,1.25,1.43
Romania,2020-04-10,1.37,1.1400000000000001,1.58,1.25,1.43
Romania,2020-04-11,1.35,1.11,1.55,1.23,1.41
Romania,2020-04-12,1.28,1.06,1.49,1.19,1.36
Romania,2020-04-13,1.21,0.98,1.41,1.11,1.28
Romania,2020-04-14,1.16,0.93,1.36,1.06,1.23
Romania,2020-04-15,1.1500000000000001,0.92,1.35,1.05,1.22
Romania,2020-04-16,1.1400000000000001,0.91,1.34,1.04,1.21
Romania,2020-04-17,1.1500000000000001,0.92,1.35,1.05,1.22
Romania,2020-04-18,1.11,0.88,1.31,1.01,1.18
Romania,2020-04-19,1.06,0.8300000000000001,1.26,0.96,1.1300000000000001
Romania,2020-04-20,1.02,0.79,1.22,0.93,1.1
Romania,2020-04-21,1.0,0.78,1.21,0.91,1.08
Romania,2020-04-22,1.03,0.81,1.24,0.9400000000000001,1.11
Romania,2020-04-23,1.04,0.8200000000000001,1.25,0.96,1.1300000000000001
Romania,2020-04-24,1.05,0.8300000000000001,1.26,0.96,1.1300000000000001
Romania,2020-04-25,1.04,0.81,1.24,0.9500000000000001,1.12
Romania,2020-04-26,1.0,0.77,1.2,0.91,1.08
Romania,2020-04-27,0.97,0.76,1.19,0.84,1.02
Romania,2020-04-28,0.96,0.72,1.16,0.8300000000000001,1.01
Romania,2020-04-29,0.97,0.73,1.17,0.84,1.02
Romania,2020-04-30,0.98,0.74,1.18,0.85,1.03
Romania,2020-05-01,0.96,0.72,1.16,0.84,1.02
Romania,2020-05-02,0.97,0.73,1.17,0.84,1.02
Russia,2020-03-19,2.5100000000000002,0.6,4.22,1.6400000000000001,3.17
Russia,2020-03-20,2.88,1.54,4.04,2.3000000000000003,3.3200000000000003
Russia,2020-03-21,2.44,1.3900000000000001,3.34,2.0300000000000002,2.82
Russia,2020-03-22,2.18,1.31,2.94,1.76,2.43
Russia,2020-03-23,2.1,1.35,2.7600000000000002,1.73,2.31
Russia,2020-03-24,2.13,1.47,2.71,1.8,2.31
Russia,2020-03-25,2.24,1.6400000000000001,2.74,1.95,2.4
Russia,2020-03-26,2.37,1.85,2.82,2.16,2.5500000000000003
Russia,2020-03-27,2.4,1.95,2.81,2.19,2.54
Russia,2020-03-28,2.41,2.0,2.77,2.23,2.54
Russia,2020-03-29,2.42,2.05,2.74,2.25,2.5300000000000002
Russia,2020-03-30,2.37,2.02,2.65,2.23,2.48
Russia,2020-03-31,2.41,2.11,2.68,2.27,2.5
Russia,2020-04-01,2.39,2.11,2.63,2.2600000000000002,2.47
Russia,2020-04-02,2.31,2.05,2.5300000000000002,2.2,2.39
Russia,2020-04-03,2.18,1.96,2.4,2.06,2.24
Russia,2020-04-04,2.08,1.85,2.27,1.96,2.13
Russia,2020-04-05,2.0,1.78,2.18,1.9000000000000001,2.06
Russia,2020-04-06,1.98,1.77,2.15,1.8900000000000001,2.04
Russia,2020-04-07,1.99,1.79,2.15,1.9100000000000001,2.05
Russia,2020-04-08,2.04,1.86,2.2,1.94,2.08
Russia,2020-04-09,2.04,1.8800000000000001,2.2,1.95,2.08
Russia,2020-04-10,2.0300000000000002,1.86,2.17,1.96,2.08
Russia,2020-04-11,2.0,1.86,2.15,1.92,2.04
Russia,2020-04-12,1.98,1.83,2.11,1.9100000000000001,2.02
Russia,2020-04-13,1.99,1.84,2.11,1.9100000000000001,2.02
Russia,2020-04-14,1.97,1.82,2.08,1.9000000000000001,2.0
Russia,2020-04-15,1.94,1.8,2.05,1.87,1.97
Russia,2020-04-16,1.93,1.8,2.04,1.8800000000000001,1.97
Russia,2020-04-17,1.95,1.82,2.05,1.8800000000000001,1.97
Russia,2020-04-18,1.87,1.74,1.96,1.8,1.8900000000000001
Russia,2020-04-19,1.79,1.68,1.8900000000000001,1.74,1.82
Russia,2020-04-20,1.6500000000000001,1.55,1.75,1.6,1.68
Russia,2020-04-21,1.48,1.37,1.57,1.43,1.51
Russia,2020-04-22,1.35,1.24,1.44,1.29,1.37
Russia,2020-04-23,1.26,1.1400000000000001,1.34,1.19,1.27
Russia,2020-04-24,1.22,1.12,1.31,1.16,1.24
Russia,2020-04-25,1.26,1.16,1.35,1.2,1.28
Russia,2020-04-26,1.26,1.1500000000000001,1.34,1.19,1.27
Russia,2020-04-27,1.23,1.1300000000000001,1.32,1.2,1.27
Russia,2020-04-28,1.22,1.12,1.31,1.18,1.25
Russia,2020-04-29,1.22,1.1300000000000001,1.31,1.17,1.24
Russia,2020-04-30,1.21,1.11,1.29,1.16,1.23
Russia,2020-05-01,1.21,1.11,1.29,1.16,1.23
Russia,2020-05-02,1.22,1.12,1.3,1.18,1.25
Slovakia,2020-03-29,1.0,0.0,2.85,0.24,1.58
Slovakia,2020-03-30,1.0,0.0,2.29,0.32,1.4000000000000001
Slovakia,2020-03-31,0.91,0.0,1.96,0.33,1.25
Slovakia,2020-04-01,0.86,0.0,1.78,0.39,1.21
Slovakia,2020-04-02,1.06,0.05,1.8800000000000001,0.58,1.3800000000000001
Slovakia,2020-04-03,1.0,0.1,1.79,0.54,1.28
Slovakia,2020-04-04,1.04,0.14,1.78,0.67,1.36
Slovakia,2020-04-05,1.11,0.25,1.83,0.7000000000000001,1.36
Slovakia,2020-04-06,1.31,0.54,2.04,0.92,1.54
Slovakia,2020-04-07,1.42,0.68,2.08,1.1,1.67
Slovakia,2020-04-08,1.48,0.8,2.1,1.17,1.7
Slovakia,2020-04-09,1.4000000000000001,0.77,1.99,1.09,1.59
Slovakia,2020-04-10,1.22,0.6,1.77,0.92,1.4000000000000001
Slovakia,2020-04-11,1.05,0.43,1.57,0.79,1.25
Slovakia,2020-04-12,0.99,0.41000000000000003,1.52,0.74,1.19
Slovakia,2020-04-13,0.96,0.39,1.48,0.74,1.18
Slovakia,2020-04-14,1.1300000000000001,0.55,1.62,0.9,1.33
Slovakia,2020-04-15,1.29,0.74,1.77,1.03,1.45
Slovakia,2020-04-16,1.4000000000000001,0.86,1.85,1.16,1.56
Slovakia,2020-04-17,1.45,0.97,1.9100000000000001,1.25,1.6300000000000001
Slovakia,2020-04-18,1.3900000000000001,0.9,1.81,1.16,1.53
Slovakia,2020-04-19,1.27,0.81,1.69,1.05,1.41
Slovakia,2020-04-20,1.18,0.73,1.59,0.97,1.32
Slovakia,2020-04-21,1.11,0.66,1.51,0.88,1.23
Slovakia,2020-04-22,1.1,0.65,1.49,0.89,1.23
Slovakia,2020-04-23,1.09,0.65,1.48,0.87,1.21
Slovakia,2020-04-24,1.06,0.64,1.46,0.8300000000000001,1.17
Slovakia,2020-04-25,1.01,0.58,1.4000000000000001,0.8300000000000001,1.16
Slovakia,2020-04-26,0.93,0.5,1.32,0.75,1.08
Slovakia,2020-04-27,0.84,0.39,1.22,0.62,0.96
Slovakia,2020-04-28,0.78,0.32,1.16,0.5700000000000001,0.91
Slovakia,2020-04-29,0.75,0.3,1.1500000000000001,0.58,0.92
Slovakia,2020-04-30,0.75,0.3,1.16,0.54,0.89
Slovakia,2020-05-01,0.76,0.31,1.18,0.52,0.88
Slovakia,2020-05-02,0.77,0.28,1.17,0.55,0.91
Slovenia,2020-03-13,2.73,0.67,4.53,1.78,3.41
Slovenia,2020-03-14,2.34,0.88,3.62,1.67,2.8000000000000003
Slovenia,2020-03-15,1.84,0.66,2.87,1.3,2.21
Slovenia,2020-03-16,1.51,0.49,2.4,1.03,1.82
Slovenia,2020-03-17,1.24,0.33,2.04,0.8200000000000001,1.53
Slovenia,2020-03-18,1.06,0.22,1.79,0.65,1.31
Slovenia,2020-03-19,1.02,0.22,1.71,0.66,1.28
Slovenia,2020-03-20,1.02,0.26,1.69,0.6900000000000001,1.28
Slovenia,2020-03-21,1.07,0.34,1.72,0.72,1.29
Slovenia,2020-03-22,1.1400000000000001,0.42,1.75,0.8300000000000001,1.37
Slovenia,2020-03-23,1.19,0.52,1.79,0.87,1.3900000000000001
Slovenia,2020-03-24,1.21,0.55,1.77,0.89,1.3900000000000001
Slovenia,2020-03-25,1.26,0.66,1.82,1.01,1.48
Slovenia,2020-03-26,1.3,0.72,1.83,1.05,1.5
Slovenia,2020-03-27,1.33,0.8,1.86,1.1,1.53
Slovenia,2020-03-28,1.31,0.78,1.8,1.05,1.47
Slovenia,2020-03-29,1.27,0.74,1.73,1.04,1.44
Slovenia,2020-03-30,1.21,0.7000000000000001,1.6600000000000001,0.98,1.37
Slovenia,2020-03-31,1.17,0.67,1.61,0.9500000000000001,1.33
Slovenia,2020-04-01,1.1500000000000001,0.66,1.58,0.9400000000000001,1.31
Slovenia,2020-04-02,1.1300000000000001,0.66,1.56,0.89,1.26
Slovenia,2020-04-03,1.11,0.63,1.52,0.89,1.25
Slovenia,2020-04-04,1.08,0.61,1.49,0.85,1.21
Slovenia,2020-04-05,1.05,0.58,1.45,0.85,1.2
Slovenia,2020-04-06,1.03,0.58,1.44,0.81,1.16
Slovenia,2020-04-07,1.0,0.54,1.4000000000000001,0.78,1.1300000000000001
Slovenia,2020-04-08,1.0,0.5700000000000001,1.42,0.78,1.1300000000000001
Slovenia,2020-04-09,1.01,0.56,1.41,0.78,1.1300000000000001
Slovenia,2020-04-10,1.01,0.55,1.4000000000000001,0.8300000000000001,1.17
Slovenia,2020-04-11,0.98,0.56,1.4000000000000001,0.79,1.1300000000000001
Slovenia,2020-04-12,0.9400000000000001,0.51,1.35,0.75,1.09
Slovenia,2020-04-13,0.9,0.44,1.29,0.72,1.06
Slovenia,2020-04-14,0.88,0.44,1.29,0.66,1.01
Slovenia,2020-04-15,0.89,0.42,1.28,0.66,1.01
Slovenia,2020-04-16,0.9,0.45,1.31,0.68,1.03
Slovenia,2020-04-17,0.92,0.48,1.34,0.71,1.06
Slovenia,2020-04-18,0.91,0.44,1.31,0.71,1.06
Slovenia,2020-04-19,0.9,0.43,1.3,0.7000000000000001,1.05
Slovenia,2020-04-20,0.86,0.41000000000000003,1.28,0.62,0.98
Slovenia,2020-04-21,0.8300000000000001,0.37,1.25,0.6,0.96
Slovenia,2020-04-22,0.81,0.34,1.23,0.6,0.96
Slovenia,2020-04-23,0.8200000000000001,0.34,1.24,0.58,0.9500000000000001
Slovenia,2020-04-24,0.84,0.35000000000000003,1.26,0.61,0.98
Slovenia,2020-04-25,0.84,0.37,1.28,0.62,0.99
Slovenia,2020-04-26,0.84,0.35000000000000003,1.27,0.64,1.01
Slovenia,2020-04-27,0.84,0.33,1.26,0.59,0.97
Slovenia,2020-04-28,0.81,0.33,1.26,0.58,0.96
Slovenia,2020-04-29,0.81,0.31,1.25,0.59,0.97
Slovenia,2020-04-30,0.81,0.3,1.25,0.56,0.9500000000000001
Slovenia,2020-05-01,0.81,0.3,1.26,0.5700000000000001,0.96
Slovenia,2020-05-02,0.81,0.29,1.26,0.59,0.98
Spain,2020-03-03,2.67,0.62,4.42,1.77,3.37
Spain,2020-03-04,2.86,1.48,4.1,2.27,3.34
Spain,2020-03-05,2.63,1.55,3.5700000000000003,2.21,3.0300000000000002
Spain,2020-03-06,2.74,1.87,3.5,2.32,2.99
Spain,2020-03-07,3.44,2.7600000000000002,4.05,3.11,3.64
Spain,2020-03-08,3.68,3.13,4.16,3.42,3.84
Spain,2020-03-09,3.68,3.24,4.07,3.46,3.8000000000000003
Spain,2020-03-10,3.59,3.24,3.92,3.41,3.69
Spain,2020-03-11,3.46,3.16,3.73,3.3200000000000003,3.5500000000000003
Spain,2020-03-12,3.33,3.06,3.5500000000000003,3.2,3.4
Spain,2020-03-13,3.23,3.0100000000000002,3.43,3.12,3.29
Spain,2020-03-14,2.98,2.7800000000000002,3.15,2.88,3.0300000000000002
Spain,2020-03-15,2.77,2.6,2.93,2.69,2.82
Spain,2020-03-16,2.5500000000000003,2.38,2.69,2.48,2.6
Spain,2020-03-17,2.4,2.23,2.52,2.34,2.45
Spain,2020-03-18,2.25,2.1,2.37,2.17,2.2800000000000002
Spain,2020-03-19,2.24,2.09,2.35,2.18,2.2800000000000002
Spain,2020-03-20,2.15,2.0300000000000002,2.27,2.08,2.18
Spain,2020-03-21,2.08,1.96,2.19,2.02,2.11
Spain,2020-03-22,2.0300000000000002,1.9100000000000001,2.13,1.97,2.06
Spain,2020-03-23,2.04,1.92,2.13,1.99,2.07
Spain,2020-03-24,2.07,1.96,2.16,2.0100000000000002,2.09
Spain,2020-03-25,2.06,1.96,2.15,2.0300000000000002,2.1
Spain,2020-03-26,1.94,1.84,2.02,1.8900000000000001,1.96
Spain,2020-03-27,1.73,1.6300000000000001,1.81,1.68,1.75
Spain,2020-03-28,1.44,1.35,1.52,1.3900000000000001,1.46
Spain,2020-03-29,1.23,1.1400000000000001,1.31,1.17,1.24
Spain,2020-03-30,1.08,0.99,1.16,1.03,1.1
Spain,2020-03-31,1.05,0.96,1.1300000000000001,1.0,1.07
Spain,2020-04-01,1.07,0.98,1.1500000000000001,1.02,1.09
Spain,2020-04-02,1.05,0.97,1.1400000000000001,1.0,1.07
Spain,2020-04-03,0.99,0.9,1.07,0.9400000000000001,1.01
Spain,2020-04-04,0.8300000000000001,0.74,0.91,0.77,0.84
Spain,2020-04-05,0.64,0.54,0.72,0.59,0.66
Spain,2020-04-06,0.5700000000000001,0.47000000000000003,0.65,0.52,0.59
Spain,2020-04-07,0.56,0.46,0.65,0.52,0.59
Spain,2020-04-08,0.62,0.52,0.71,0.55,0.63
Spain,2020-04-09,0.7000000000000001,0.6,0.79,0.64,0.72
Spain,2020-04-10,0.74,0.62,0.8200000000000001,0.67,0.75
Spain,2020-04-11,0.71,0.6,0.8,0.65,0.73
Spain,2020-04-12,0.78,0.67,0.87,0.72,0.8
Spain,2020-04-13,0.81,0.7000000000000001,0.9,0.75,0.8300000000000001
Spain,2020-04-14,0.91,0.8,1.0,0.85,0.93
Spain,2020-04-15,0.97,0.86,1.06,0.91,0.99
Spain,2020-04-16,0.71,0.6,0.8,0.65,0.73
Spain,2020-04-17,0.44,0.32,0.53,0.39,0.47000000000000003
Spain,2020-04-18,0.19,0.07,0.29,0.12,0.21
Spain,2020-04-19,0.0,0.0,0.09,0.0,0.03
Spain,2020-04-20,0.13,0.03,0.24,0.06,0.15
Spain,2020-04-21,0.44,0.3,0.55,0.37,0.47000000000000003
Spain,2020-04-22,0.76,0.62,0.87,0.6900000000000001,0.79
Spain,2020-04-23,1.02,0.88,1.1300000000000001,0.9400000000000001,1.04
Spain,2020-04-24,0.9,0.77,1.01,0.8200000000000001,0.92
Spain,2020-04-25,0.71,0.59,0.8300000000000001,0.64,0.74
Spain,2020-04-26,0.6,0.47000000000000003,0.72,0.53,0.63
Spain,2020-04-27,0.43,0.29,0.55,0.37,0.47000000000000003
Spain,2020-04-28,0.37,0.22,0.49,0.29,0.4
Spain,2020-04-29,0.36,0.22,0.49,0.28,0.39
Spain,2020-05-01,0.44,0.29,0.5700000000000001,0.37,0.48
Spain,2020-05-02,0.52,0.35000000000000003,0.64,0.46,0.5700000000000001
Sweden,2020-03-07,2.47,0.56,4.13,1.59,3.1
Sweden,2020-03-08,2.24,0.89,3.44,1.62,2.67
Sweden,2020-03-09,2.38,1.32,3.31,1.93,2.74
Sweden,2020-03-10,2.5300000000000002,1.7,3.31,2.13,2.79
Sweden,2020-03-11,2.6,1.87,3.22,2.27,2.82
Sweden,2020-03-12,2.61,1.99,3.14,2.32,2.79
Sweden,2020-03-13,2.44,1.9100000000000001,2.91,2.18,2.59
Sweden,2020-03-14,2.18,1.71,2.61,1.94,2.31
Sweden,2020-03-15,1.8800000000000001,1.45,2.2800000000000002,1.67,2.0100000000000002
Sweden,2020-03-16,1.6500000000000001,1.22,2.0100000000000002,1.45,1.77
Sweden,2020-03-17,1.48,1.09,1.84,1.27,1.58
Sweden,2020-03-18,1.44,1.05,1.78,1.24,1.54
Sweden,2020-03-19,1.45,1.09,1.79,1.25,1.54
Sweden,2020-03-20,1.49,1.1300000000000001,1.81,1.31,1.59
Sweden,2020-03-21,1.49,1.1300000000000001,1.79,1.31,1.58
Sweden,2020-03-22,1.51,1.16,1.8,1.34,1.6
Sweden,2020-03-23,1.51,1.17,1.79,1.35,1.6
Sweden,2020-03-24,1.55,1.22,1.82,1.4000000000000001,1.6400000000000001
Sweden,2020-03-25,1.58,1.26,1.84,1.45,1.68
Sweden,2020-03-26,1.6500000000000001,1.34,1.9000000000000001,1.54,1.76
Sweden,2020-03-27,1.6600000000000001,1.3900000000000001,1.92,1.51,1.73
Sweden,2020-03-28,1.6500000000000001,1.36,1.8800000000000001,1.51,1.72
Sweden,2020-03-29,1.61,1.34,1.84,1.49,1.69
Sweden,2020-03-30,1.61,1.36,1.84,1.47,1.67
Sweden,2020-03-31,1.62,1.37,1.84,1.5,1.69
Sweden,2020-04-01,1.67,1.43,1.8800000000000001,1.56,1.74
Sweden,2020-04-02,1.6400000000000001,1.41,1.85,1.52,1.7
Sweden,2020-04-03,1.6,1.36,1.79,1.49,1.6600000000000001
Sweden,2020-04-04,1.49,1.26,1.68,1.37,1.54
Sweden,2020-04-05,1.37,1.1500000000000001,1.56,1.25,1.42
Sweden,2020-04-06,1.31,1.09,1.5,1.22,1.3800000000000001
Sweden,2020-04-07,1.33,1.12,1.52,1.23,1.3900000000000001
Sweden,2020-04-08,1.37,1.1500000000000001,1.55,1.26,1.42
Sweden,2020-04-09,1.4000000000000001,1.19,1.58,1.29,1.45
Sweden,2020-04-10,1.34,1.1300000000000001,1.52,1.23,1.3900000000000001
Sweden,2020-04-11,1.24,1.04,1.42,1.16,1.31
Sweden,2020-04-12,1.12,0.92,1.3,1.04,1.19
Sweden,2020-04-13,1.02,0.81,1.2,0.9500000000000001,1.1
Sweden,2020-04-14,1.01,0.8,1.19,0.89,1.05
Sweden,2020-04-15,1.06,0.86,1.25,0.9500000000000001,1.11
Sweden,2020-04-16,1.1400000000000001,0.93,1.32,1.02,1.18
Sweden,2020-04-17,1.19,0.98,1.37,1.08,1.24
Sweden,2020-04-18,1.18,0.98,1.36,1.1,1.25
Sweden,2020-04-19,1.1300000000000001,0.93,1.31,1.05,1.2
Sweden,2020-04-20,1.1,0.89,1.27,1.01,1.16
Sweden,2020-04-21,1.09,0.88,1.26,0.99,1.1400000000000001
Sweden,2020-04-22,1.1300000000000001,0.92,1.3,1.04,1.19
Sweden,2020-04-23,1.19,1.0,1.37,1.09,1.24
Sweden,2020-04-24,1.2,1.0,1.37,1.1,1.25
Sweden,2020-04-25,1.1300000000000001,0.93,1.3,1.03,1.18
Sweden,2020-04-26,1.05,0.84,1.21,0.9400000000000001,1.09
Sweden,2020-04-27,0.97,0.77,1.1400000000000001,0.86,1.01
Sweden,2020-04-28,0.96,0.77,1.1400000000000001,0.86,1.01
Sweden,2020-04-29,0.98,0.79,1.16,0.89,1.04
Sweden,2020-04-30,1.04,0.85,1.22,0.9400000000000001,1.09
Sweden,2020-05-01,1.07,0.87,1.24,0.97,1.12
Sweden,2020-05-02,1.07,0.88,1.25,0.97,1.12
Switzerland,2020-03-06,3.69,1.9000000000000001,5.26,2.97,4.34
Switzerland,2020-03-07,2.99,1.78,4.03,2.45,3.37
Switzerland,2020-03-08,2.59,1.6400000000000001,3.4,2.15,2.87
Switzerland,2020-03-09,2.39,1.62,3.08,2.02,2.62
Switzerland,2020-03-10,2.41,1.74,2.99,2.1,2.61
Switzerland,2020-03-11,2.49,1.9000000000000001,2.98,2.21,2.65
Switzerland,2020-03-12,2.57,2.06,3.0,2.34,2.72
Switzerland,2020-03-13,2.9,2.49,3.29,2.69,3.02
Switzerland,2020-03-14,2.74,2.37,3.0700000000000003,2.59,2.87
Switzerland,2020-03-15,2.59,2.27,2.89,2.44,2.69
Switzerland,2020-03-16,2.35,2.07,2.63,2.2,2.43
Switzerland,2020-03-17,2.23,1.95,2.47,2.1,2.31
Switzerland,2020-03-18,2.21,1.96,2.44,2.07,2.27
Switzerland,2020-03-19,2.31,2.06,2.5100000000000002,2.19,2.37
Switzerland,2020-03-20,2.3000000000000003,2.1,2.5100000000000002,2.19,2.36
Switzerland,2020-03-21,2.32,2.1,2.49,2.24,2.39
Switzerland,2020-03-22,2.13,1.93,2.29,2.02,2.17
Switzerland,2020-03-23,1.9100000000000001,1.74,2.08,1.81,1.95
Switzerland,2020-03-24,1.68,1.51,1.84,1.61,1.74
Switzerland,2020-03-25,1.55,1.37,1.7,1.47,1.6
Switzerland,2020-03-26,1.46,1.28,1.61,1.3800000000000001,1.51
Switzerland,2020-03-27,1.44,1.27,1.59,1.35,1.48
Switzerland,2020-03-28,1.41,1.24,1.56,1.32,1.45
Switzerland,2020-03-29,1.33,1.1500000000000001,1.47,1.23,1.36
Switzerland,2020-03-30,1.22,1.06,1.37,1.12,1.25
Switzerland,2020-03-31,1.12,0.9400000000000001,1.26,1.03,1.16
Switzerland,2020-04-01,1.04,0.86,1.18,0.9500000000000001,1.08
Switzerland,2020-04-02,1.03,0.85,1.17,0.93,1.06
Switzerland,2020-04-03,1.01,0.84,1.16,0.92,1.05
Switzerland,2020-04-04,0.96,0.79,1.11,0.87,1.0
Switzerland,2020-04-05,0.89,0.73,1.05,0.81,0.9400000000000001
Switzerland,2020-04-06,0.77,0.59,0.92,0.6900000000000001,0.8200000000000001
Switzerland,2020-04-07,0.6900000000000001,0.5,0.84,0.62,0.75
Switzerland,2020-04-08,0.66,0.48,0.8200000000000001,0.56,0.7000000000000001
Switzerland,2020-04-09,0.68,0.49,0.84,0.59,0.73
Switzerland,2020-04-10,0.71,0.53,0.88,0.62,0.76
Switzerland,2020-04-11,0.7000000000000001,0.51,0.87,0.63,0.77
Switzerland,2020-04-12,0.63,0.45,0.81,0.52,0.67
Switzerland,2020-04-13,0.5700000000000001,0.37,0.74,0.46,0.61
Switzerland,2020-04-14,0.49,0.29,0.67,0.4,0.55
Switzerland,2020-04-15,0.48,0.27,0.66,0.37,0.53
Switzerland,2020-04-16,0.52,0.3,0.7000000000000001,0.41000000000000003,0.5700000000000001
Switzerland,2020-04-17,0.56,0.34,0.75,0.47000000000000003,0.63
Switzerland,2020-04-18,0.58,0.36,0.77,0.45,0.62
Switzerland,2020-04-19,0.55,0.32,0.74,0.43,0.6
Switzerland,2020-04-20,0.48,0.25,0.68,0.38,0.55
Switzerland,2020-04-21,0.46,0.24,0.67,0.33,0.51
Switzerland,2020-04-22,0.44,0.21,0.65,0.32,0.5
Switzerland,2020-04-23,0.45,0.22,0.67,0.35000000000000003,0.53
Switzerland,2020-04-24,0.47000000000000003,0.24,0.7000000000000001,0.34,0.53
Switzerland,2020-04-25,0.5,0.26,0.73,0.38,0.5700000000000001
Switzerland,2020-04-26,0.5,0.25,0.73,0.4,0.59
Switzerland,2020-04-27,0.49,0.22,0.71,0.35000000000000003,0.55
Switzerland,2020-04-28,0.47000000000000003,0.2,0.7000000000000001,0.34,0.54
Switzerland,2020-04-29,0.48,0.23,0.73,0.37,0.5700000000000001
Switzerland,2020-04-30,0.51,0.24,0.75,0.36,0.5700000000000001
Switzerland,2020-05-01,0.55,0.27,0.79,0.41000000000000003,0.62
Switzerland,2020-05-02,0.6,0.3,0.8300000000000001,0.47000000000000003,0.68
United_Kingdom,2020-03-06,2.88,0.8200000000000001,4.64,2.0,3.59
United_Kingdom,2020-03-07,2.65,1.23,3.87,2.0300000000000002,3.11
United_Kingdom,2020-03-08,2.31,1.19,3.27,1.8,2.65
United_Kingdom,2020-03-09,2.16,1.23,2.97,1.74,2.45
United_Kingdom,2020-03-10,2.15,1.34,2.84,1.79,2.4
United_Kingdom,2020-03-11,2.17,1.48,2.79,1.8900000000000001,2.42
United_Kingdom,2020-03-12,2.56,1.97,3.1,2.29,2.75
United_Kingdom,2020-03-13,2.75,2.25,3.22,2.49,2.89
United_Kingdom,2020-03-14,2.72,2.2600000000000002,3.11,2.54,2.88
United_Kingdom,2020-03-15,2.65,2.24,2.99,2.48,2.7800000000000002
United_Kingdom,2020-03-16,2.61,2.2600000000000002,2.92,2.44,2.71
United_Kingdom,2020-03-17,2.56,2.2600000000000002,2.85,2.41,2.65
United_Kingdom,2020-03-18,2.5500000000000003,2.2800000000000002,2.81,2.4,2.62
United_Kingdom,2020-03-19,2.54,2.29,2.77,2.4,2.6
United_Kingdom,2020-03-20,2.44,2.21,2.65,2.32,2.5
United_Kingdom,2020-03-21,2.33,2.1,2.5100000000000002,2.24,2.4
United_Kingdom,2020-03-22,2.21,2.0100000000000002,2.39,2.13,2.2800000000000002
United_Kingdom,2020-03-23,2.12,1.93,2.29,2.05,2.19
United_Kingdom,2020-03-24,2.15,1.96,2.3000000000000003,2.05,2.19
United_Kingdom,2020-03-25,2.25,2.08,2.4,2.16,2.29
United_Kingdom,2020-03-26,2.3000000000000003,2.13,2.43,2.22,2.34
United_Kingdom,2020-03-27,2.27,2.12,2.4,2.2,2.31
United_Kingdom,2020-03-28,2.13,1.98,2.25,2.05,2.16
United_Kingdom,2020-03-29,1.94,1.82,2.07,1.8800000000000001,1.98
United_Kingdom,2020-03-30,1.84,1.7,1.95,1.77,1.87
United_Kingdom,2020-03-31,1.78,1.6400000000000001,1.8800000000000001,1.73,1.82
United_Kingdom,2020-04-01,1.76,1.6400000000000001,1.87,1.71,1.8
United_Kingdom,2020-04-02,1.73,1.62,1.84,1.67,1.76
United_Kingdom,2020-04-03,1.72,1.6,1.82,1.6500000000000001,1.74
United_Kingdom,2020-04-04,1.59,1.48,1.69,1.55,1.6300000000000001
United_Kingdom,2020-04-05,1.42,1.3,1.51,1.37,1.45
United_Kingdom,2020-04-06,1.3,1.18,1.3900000000000001,1.24,1.32
United_Kingdom,2020-04-07,1.19,1.07,1.28,1.1400000000000001,1.22
United_Kingdom,2020-04-08,1.1500000000000001,1.03,1.24,1.1,1.18
United_Kingdom,2020-04-09,1.32,1.22,1.42,1.26,1.34
United_Kingdom,2020-04-10,1.37,1.26,1.46,1.31,1.3900000000000001
United_Kingdom,2020-04-11,1.41,1.31,1.5,1.34,1.42
United_Kingdom,2020-04-12,1.33,1.23,1.42,1.27,1.35
United_Kingdom,2020-04-13,1.12,1.02,1.21,1.06,1.1400000000000001
United_Kingdom,2020-04-14,0.9400000000000001,0.84,1.03,0.88,0.96
United_Kingdom,2020-04-15,0.84,0.75,0.9400000000000001,0.78,0.86
United_Kingdom,2020-04-16,0.79,0.68,0.88,0.73,0.81
United_Kingdom,2020-04-17,0.9500000000000001,0.84,1.04,0.89,0.97
United_Kingdom,2020-04-18,1.04,0.93,1.1300000000000001,0.98,1.06
United_Kingdom,2020-04-19,1.03,0.92,1.12,0.97,1.05
United_Kingdom,2020-04-20,0.98,0.86,1.06,0.92,1.0
United_Kingdom,2020-04-21,0.89,0.78,0.98,0.8300000000000001,0.91
United_Kingdom,2020-04-22,0.84,0.73,0.93,0.78,0.86
United_Kingdom,2020-04-23,0.86,0.75,0.9500000000000001,0.8,0.88
United_Kingdom,2020-04-24,0.91,0.8,1.0,0.85,0.93
United_Kingdom,2020-04-25,0.96,0.86,1.06,0.9,0.98
United_Kingdom,2020-04-26,0.9500000000000001,0.84,1.04,0.89,0.97
United_Kingdom,2020-04-27,0.89,0.79,0.99,0.8300000000000001,0.91
United_Kingdom,2020-04-28,0.91,0.81,1.01,0.86,0.9400000000000001
United_Kingdom,2020-04-29,1.0,0.88,1.09,0.9400000000000001,1.02
United_Kingdom,2020-04-30,1.12,1.01,1.21,1.06,1.1400000000000001
United_Kingdom,2020-05-01,1.24,1.1300000000000001,1.33,1.18,1.26
United_Kingdom,2020-05-02,1.31,1.2,1.4000000000000001,1.25,1.33
